Date,Time,Inflow GC90,InflowGC150,Outflow
9-Jul-22,11:00,0,0,0
9-Jul-22,11:05,0,0,0
9-Jul-22,11:10,0,0,0
9-Jul-22,11:15,0,0,0
9-Jul-22,11:20,0,0,0
9-Jul-22,11:25,0,0,0
9-Jul-22,11:30,0,0,0
9-Jul-22,11:35,0,0,0
9-Jul-22,11:40,0,0,0
9-Jul-22,11:45,0,0,0
9-Jul-22,11:50,0,0,0
9-Jul-22,11:55,0,0,0
9-Jul-22,12:00,0,0,0
9-Jul-22,12:05,0,0,0
9-Jul-22,12:10,0,0,0
9-Jul-22,12:15,0,0,0
9-Jul-22,12:20,0,0,0
9-Jul-22,12:25,0,0,0
9-Jul-22,12:30,0,0,0
9-Jul-22,12:35,0,0,0
9-Jul-22,12:40,0,0,0
9-Jul-22,12:45,0,0,0
9-Jul-22,12:50,0,0,0
9-Jul-22,12:55,0,0,0
9-Jul-22,13:00,0,0,0
9-Jul-22,13:05,0,0,0
9-Jul-22,13:10,0,0,0
9-Jul-22,13:15,0,0,0
9-Jul-22,13:20,0,0,0
9-Jul-22,13:25,0,0,0
9-Jul-22,13:30,0,0,0
9-Jul-22,13:35,0,0,0
9-Jul-22,13:40,0,0,0
9-Jul-22,13:45,0,0,0
9-Jul-22,13:50,0,0,0
9-Jul-22,13:55,0,0,0
9-Jul-22,14:00,0,0,0
9-Jul-22,14:05,0,0,0
9-Jul-22,14:10,0,0,0
9-Jul-22,14:15,0,0,0
9-Jul-22,14:20,0,0,0
9-Jul-22,14:25,0,0,0
9-Jul-22,14:30,0,0,0
9-Jul-22,14:35,0,0,0
9-Jul-22,14:40,0,0,0
9-Jul-22,14:45,0,0,0
9-Jul-22,14:50,0,0,0
9-Jul-22,14:55,0,0,0
9-Jul-22,15:00,0,0,0
9-Jul-22,15:05,0,0,0
9-Jul-22,15:10,0,0,0
9-Jul-22,15:15,0,0,0
9-Jul-22,15:20,0,0,0
9-Jul-22,15:25,0,0,0
9-Jul-22,15:30,0,0,0
9-Jul-22,15:35,0,0,0
9-Jul-22,15:40,0,0,0
9-Jul-22,15:45,0,0,0
9-Jul-22,15:50,0,0,0
9-Jul-22,15:55,0,0,0
9-Jul-22,16:00,0,0,0
9-Jul-22,16:05,0,0,0
9-Jul-22,16:10,0,0,0
9-Jul-22,16:15,0,0,0
9-Jul-22,16:20,0,0,0
9-Jul-22,16:25,0,0,0
9-Jul-22,16:30,0,0,0
9-Jul-22,16:35,0,0,0
9-Jul-22,16:40,0,0,0
9-Jul-22,16:45,0,0,0
9-Jul-22,16:50,0,0,0
9-Jul-22,16:55,0,0,0
9-Jul-22,17:00,0,0,0
9-Jul-22,17:05,0,0,0
9-Jul-22,17:10,0,0,0
9-Jul-22,17:15,0,0,0
9-Jul-22,17:20,0,0,0
9-Jul-22,17:25,0,0,0
9-Jul-22,17:30,0,0,0
9-Jul-22,17:35,0,0,0
9-Jul-22,17:40,0,0,0
9-Jul-22,17:45,0,0,0
9-Jul-22,17:50,0,0,0
9-Jul-22,17:55,0,0,0
9-Jul-22,18:00,0,0,0
9-Jul-22,18:05,0,0,0
9-Jul-22,18:10,0,0,0
9-Jul-22,18:15,0,0,0
9-Jul-22,18:20,0,0,0
9-Jul-22,18:25,0,0,0
9-Jul-22,18:30,0,0,0
9-Jul-22,18:35,0,0,0
9-Jul-22,18:40,0,0,0
9-Jul-22,18:45,0,0,0
9-Jul-22,18:50,0,0,0
9-Jul-22,18:55,0,0.2,0.2
9-Jul-22,19:00,0,3.1,3.1
9-Jul-22,19:05,0,11.6,11.7
9-Jul-22,19:10,0,28.2,28.3
9-Jul-22,19:15,0.1,49.7,49.8
9-Jul-22,19:20,0.1,68.3,68.4
9-Jul-22,19:25,0.2,77.3,77.5
9-Jul-22,19:30,0.3,75.6,75.9
9-Jul-22,19:35,0.6,66.4,67
9-Jul-22,19:40,6.2,52.6,58.9
9-Jul-22,19:45,47.9,39.1,86.9
9-Jul-22,19:50,225.9,28.1,254
9-Jul-22,19:55,190.7,20.8,211.5
9-Jul-22,20:00,175.1,15.4,190.5
9-Jul-22,20:05,158.5,11.4,169.9
9-Jul-22,20:10,144.2,8.4,152.5
9-Jul-22,20:15,210.1,6.2,216.2
9-Jul-22,20:20,508.5,4.5,513
9-Jul-22,20:25,605.1,3.3,608.5
9-Jul-22,20:30,368.4,2.5,370.8
9-Jul-22,20:35,378.1,1.8,380
9-Jul-22,20:40,419.5,1.4,420.8
9-Jul-22,20:45,308.7,1,309.7
9-Jul-22,20:50,298.1,0.8,298.8
9-Jul-22,20:55,283.3,0.6,283.9
9-Jul-22,21:00,227.1,0.4,227.5
9-Jul-22,21:05,219.1,0.3,219.3
9-Jul-22,21:10,183.1,0.1,183.3
9-Jul-22,21:15,168.8,0,168.8
9-Jul-22,21:20,149.3,0,149.3
9-Jul-22,21:25,133.4,0,133.4
9-Jul-22,21:30,120,0,120
9-Jul-22,21:35,107.5,0,107.5
9-Jul-22,21:40,96.9,0,96.9
9-Jul-22,21:45,87.3,0,87.3
9-Jul-22,21:50,78.8,0,78.8
9-Jul-22,21:55,71.2,0,71.2
9-Jul-22,22:00,64.7,0,64.7
9-Jul-22,22:05,89.3,0,89.3
9-Jul-22,22:10,150,0,150
9-Jul-22,22:15,92.9,0,92.9
9-Jul-22,22:20,98.9,0,98.9
9-Jul-22,22:25,87.3,0,87.3
9-Jul-22,22:30,79.4,0,79.4
9-Jul-22,22:35,72.1,0,72.1
9-Jul-22,22:40,65.4,0,65.4
9-Jul-22,22:45,59.9,0,59.9
9-Jul-22,22:50,55.6,0,55.6
9-Jul-22,22:55,52,0,52
9-Jul-22,23:00,48.2,0,48.2
9-Jul-22,23:05,44.1,0,44.1
9-Jul-22,23:10,39.8,0,39.8
9-Jul-22,23:15,35.6,0,35.6
9-Jul-22,23:20,31.6,0,31.6
9-Jul-22,23:25,27.9,0,27.9
9-Jul-22,23:30,24.6,0,24.6
9-Jul-22,23:35,21.7,0,21.7
9-Jul-22,23:40,19,0,19
9-Jul-22,23:45,16.7,0,16.7
9-Jul-22,23:50,14.6,0,14.6
9-Jul-22,23:55,12.8,0,12.8
10-Jul-22,0:00,11.2,0,11.2
10-Jul-22,0:05,9.8,0,9.8
10-Jul-22,0:10,8.6,0,8.6
10-Jul-22,0:15,7.5,0,7.5
10-Jul-22,0:20,6.6,0,6.6
10-Jul-22,0:25,5.8,0,5.8
10-Jul-22,0:30,5,0,5
10-Jul-22,0:35,4.3,0,4.3
10-Jul-22,0:40,3.8,0,3.8
10-Jul-22,0:45,3.2,0,3.2
10-Jul-22,0:50,2.8,0,2.8
10-Jul-22,0:55,2.4,0,2.4
10-Jul-22,1:00,2.1,0,2.1
10-Jul-22,1:05,1.8,0,1.8
10-Jul-22,1:10,1.6,0,1.6
10-Jul-22,1:15,1.3,0,1.3
10-Jul-22,1:20,1.1,0,1.1
10-Jul-22,1:25,0.9,0,0.9
10-Jul-22,1:30,0.6,0,0.6
10-Jul-22,1:35,0.3,0,0.3
10-Jul-22,1:40,0.2,0,0.2
10-Jul-22,1:45,0.1,0,0.1
10-Jul-22,1:50,0.1,0,0.1
10-Jul-22,1:55,0,0,0
10-Jul-22,2:00,0,0,0
10-Jul-22,2:05,0,0,0
10-Jul-22,2:10,0,0,0
10-Jul-22,2:15,0,0,0
10-Jul-22,2:20,0,0,0
10-Jul-22,2:25,0,0,0
10-Jul-22,2:30,0,0,0
10-Jul-22,2:35,0,0,0
10-Jul-22,2:40,0,0,0
10-Jul-22,2:45,0,0,0
10-Jul-22,2:50,0,0,0
10-Jul-22,2:55,0,0,0
10-Jul-22,3:00,0,0,0
10-Jul-22,3:05,0,0,0
10-Jul-22,3:10,0,0,0
10-Jul-22,3:15,0,0,0
10-Jul-22,3:20,0,0,0
10-Jul-22,3:25,0,0,0
10-Jul-22,3:30,0,0,0
10-Jul-22,3:35,0,0,0
10-Jul-22,3:40,0,0,0
10-Jul-22,3:45,0,0,0
10-Jul-22,3:50,0,0,0
10-Jul-22,3:55,0,0,0
10-Jul-22,4:00,0,0,0
10-Jul-22,4:05,0,0,0
10-Jul-22,4:10,0,0,0
10-Jul-22,4:15,0,0,0
10-Jul-22,4:20,0,0,0
10-Jul-22,4:25,0,0,0
10-Jul-22,4:30,0,0,0
10-Jul-22,4:35,0,0,0
10-Jul-22,4:40,0,0,0
10-Jul-22,4:45,0,0,0
10-Jul-22,4:50,0,0,0
10-Jul-22,4:55,0,0,0
10-Jul-22,5:00,0,0,0
10-Jul-22,5:05,0,0,0
10-Jul-22,5:10,0,0,0
10-Jul-22,5:15,0,0,0
10-Jul-22,5:20,0,0,0
10-Jul-22,5:25,0,0,0
10-Jul-22,5:30,0,0,0
10-Jul-22,5:35,0,0,0
10-Jul-22,5:40,0,0,0
10-Jul-22,5:45,0,0,0
10-Jul-22,5:50,0,0,0
10-Jul-22,5:55,0,0,0
10-Jul-22,6:00,0,0,0
10-Jul-22,6:05,0,0,0
10-Jul-22,6:10,0,0,0
10-Jul-22,6:15,0,0,0
10-Jul-22,6:20,0,0,0
10-Jul-22,6:25,0,0,0
10-Jul-22,6:30,0,0,0
10-Jul-22,6:35,0,0,0
10-Jul-22,6:40,0,0,0
10-Jul-22,6:45,0,0,0
10-Jul-22,6:50,0,0,0
10-Jul-22,6:55,0,0,0
10-Jul-22,7:00,0,0,0
10-Jul-22,7:05,0,0,0
10-Jul-22,7:10,0,0,0
10-Jul-22,7:15,0,0,0
10-Jul-22,7:20,0,0,0
10-Jul-22,7:25,0,0,0
10-Jul-22,7:30,0,0,0
10-Jul-22,7:35,0,0,0
10-Jul-22,7:40,0,0,0
10-Jul-22,7:45,0,0,0
10-Jul-22,7:50,0,0,0
10-Jul-22,7:55,0,0,0
10-Jul-22,8:00,0,0,0
10-Jul-22,8:05,0,0,0
10-Jul-22,8:10,0,0,0
10-Jul-22,8:15,0,0,0
10-Jul-22,8:20,0,0,0
10-Jul-22,8:25,0,0,0
10-Jul-22,8:30,0,0,0
10-Jul-22,8:35,0,0,0
10-Jul-22,8:40,0,0,0
10-Jul-22,8:45,0,0,0
10-Jul-22,8:50,0,0,0
10-Jul-22,8:55,0,0,0
10-Jul-22,9:00,0,0,0
10-Jul-22,9:05,0,0,0
10-Jul-22,9:10,0,0,0
10-Jul-22,9:15,0,0,0
10-Jul-22,9:20,0,0,0
10-Jul-22,9:25,0,0,0
10-Jul-22,9:30,0,0,0
10-Jul-22,9:35,0,0,0
10-Jul-22,9:40,0,0,0
10-Jul-22,9:45,0,0,0
10-Jul-22,9:50,0,0,0
10-Jul-22,9:55,0,0,0
10-Jul-22,10:00,0,0,0
10-Jul-22,10:05,0,0,0
10-Jul-22,10:10,0,0,0
10-Jul-22,10:15,0,0,0
10-Jul-22,10:20,0,0,0
10-Jul-22,10:25,0,0,0
10-Jul-22,10:30,0,0,0
10-Jul-22,10:35,0,0,0
10-Jul-22,10:40,0,0,0
10-Jul-22,10:45,0,0,0
10-Jul-22,10:50,0,0,0
10-Jul-22,10:55,0,0,0
12-Jul-22,11:00,0,0,0
12-Jul-22,11:05,0,0,0
12-Jul-22,11:10,0,0,0
12-Jul-22,11:15,0,0,0
12-Jul-22,11:20,0,0,0
12-Jul-22,11:25,0,0,0
12-Jul-22,11:30,0,0,0
12-Jul-22,11:35,0,0,0
12-Jul-22,11:40,0,0,0
12-Jul-22,11:45,0,0,0
12-Jul-22,11:50,0,0,0
12-Jul-22,11:55,0,0,0
12-Jul-22,12:00,0,0,0
12-Jul-22,12:05,0,0,0
12-Jul-22,12:10,0,0,0
12-Jul-22,12:15,0,0,0
12-Jul-22,12:20,0,0,0
12-Jul-22,12:25,0,0,0
12-Jul-22,12:30,0,0,0
12-Jul-22,12:35,0,0,0
12-Jul-22,12:40,0,0,0
12-Jul-22,12:45,0,0,0
12-Jul-22,12:50,0,0,0
12-Jul-22,12:55,0,0,0
12-Jul-22,13:00,0,0,0
12-Jul-22,13:05,0,0,0
12-Jul-22,13:10,0,0,0
12-Jul-22,13:15,0,0,0
12-Jul-22,13:20,0,0,0
12-Jul-22,13:25,0,0,0
12-Jul-22,13:30,0,0,0
12-Jul-22,13:35,0,0,0
12-Jul-22,13:40,0,0,0
12-Jul-22,13:45,0,0,0
12-Jul-22,13:50,0,0,0
12-Jul-22,13:55,0,0,0
12-Jul-22,14:00,0,0,0
12-Jul-22,14:05,0,0,0
12-Jul-22,14:10,0,0,0
12-Jul-22,14:15,0,0,0
12-Jul-22,14:20,0,0,0
12-Jul-22,14:25,0,0,0
12-Jul-22,14:30,0,0,0
12-Jul-22,14:35,0,0,0
12-Jul-22,14:40,0,0,0
12-Jul-22,14:45,0,0,0
12-Jul-22,14:50,0,0,0
12-Jul-22,14:55,0,0,0
12-Jul-22,15:00,0,0,0
12-Jul-22,15:05,0,0,0
12-Jul-22,15:10,0,0,0
12-Jul-22,15:15,0,0,0
12-Jul-22,15:20,0,0,0
12-Jul-22,15:25,0,0,0
12-Jul-22,15:30,0,0,0
12-Jul-22,15:35,0,0,0
12-Jul-22,15:40,0,0,0
12-Jul-22,15:45,0,0,0
12-Jul-22,15:50,0,0,0
12-Jul-22,15:55,0,0,0
12-Jul-22,16:00,0,0,0
12-Jul-22,16:05,0,0,0
12-Jul-22,16:10,0,0,0
12-Jul-22,16:15,0,0,0
12-Jul-22,16:20,0,0,0
12-Jul-22,16:25,0,0,0
12-Jul-22,16:30,0,0,0
12-Jul-22,16:35,0,0,0
12-Jul-22,16:40,0,0,0
12-Jul-22,16:45,0,0,0
12-Jul-22,16:50,0,0,0
12-Jul-22,16:55,0,0,0
12-Jul-22,17:00,0,0,0
12-Jul-22,17:05,0,0,0
12-Jul-22,17:10,0,0,0
12-Jul-22,17:15,0,0,0
12-Jul-22,17:20,0,0,0
12-Jul-22,17:25,0,0,0
12-Jul-22,17:30,0,0,0
12-Jul-22,17:35,0,0,0
12-Jul-22,17:40,0,0,0
12-Jul-22,17:45,0,0,0
12-Jul-22,17:50,0,0,0
12-Jul-22,17:55,0,0,0
12-Jul-22,18:00,0,0,0
12-Jul-22,18:05,0,0,0
12-Jul-22,18:10,0,0,0
12-Jul-22,18:15,0,0,0
12-Jul-22,18:20,0,0,0
12-Jul-22,18:25,0,0,0
12-Jul-22,18:30,0,0,0
12-Jul-22,18:35,0,0,0
12-Jul-22,18:40,0,0,0
12-Jul-22,18:45,0,0,0
12-Jul-22,18:50,0,0,0
12-Jul-22,18:55,0,0,0
12-Jul-22,19:00,0,0,0
12-Jul-22,19:05,0,0,0
12-Jul-22,19:10,0,0,0
12-Jul-22,19:15,0,0,0
12-Jul-22,19:20,0,0,0
12-Jul-22,19:25,0,0,0
12-Jul-22,19:30,0,0,0
12-Jul-22,19:35,0,0,0
12-Jul-22,19:40,0,0,0
12-Jul-22,19:45,0,0,0
12-Jul-22,19:50,0,0,0
12-Jul-22,19:55,0.1,0,0.1
12-Jul-22,20:00,0.1,0,0.1
12-Jul-22,20:05,0.1,0,0.1
12-Jul-22,20:10,0.2,0,0.2
12-Jul-22,20:15,0.2,0,0.2
12-Jul-22,20:20,0.3,0,0.3
12-Jul-22,20:25,0.3,0,0.3
12-Jul-22,20:30,0.3,0,0.3
12-Jul-22,20:35,0.4,0,0.4
12-Jul-22,20:40,0.5,0,0.5
12-Jul-22,20:45,2.2,0,2.2
12-Jul-22,20:50,10.2,0,10.2
12-Jul-22,20:55,26.7,0,26.7
12-Jul-22,21:00,43.3,0,43.3
12-Jul-22,21:05,54.2,0,54.2
12-Jul-22,21:10,60.8,0,60.8
12-Jul-22,21:15,68.1,0,68.1
12-Jul-22,21:20,80.3,0,80.3
12-Jul-22,21:25,94.6,0,94.6
12-Jul-22,21:30,99.4,0,99.4
12-Jul-22,21:35,95.2,0,95.2
12-Jul-22,21:40,88.1,0,88.1
12-Jul-22,21:45,80.3,0,80.3
12-Jul-22,21:50,72.4,0,72.4
12-Jul-22,21:55,64.8,0,64.8
12-Jul-22,22:00,56.3,0,56.3
12-Jul-22,22:05,48.1,0,48.1
12-Jul-22,22:10,41.1,0,41.1
12-Jul-22,22:15,35.2,0,35.2
12-Jul-22,22:20,30.1,0,30.1
12-Jul-22,22:25,25.9,0,25.9
12-Jul-22,22:30,22.2,0,22.2
12-Jul-22,22:35,19.1,0,19.1
12-Jul-22,22:40,16.4,0,16.4
12-Jul-22,22:45,14.1,0,14.1
12-Jul-22,22:50,12.1,0,12.1
12-Jul-22,22:55,10.4,0,10.4
12-Jul-22,23:00,8.9,0,8.9
12-Jul-22,23:05,7.6,0,7.6
12-Jul-22,23:10,6.6,0,6.6
12-Jul-22,23:15,5.9,0,5.9
12-Jul-22,23:20,6.1,0,6.1
12-Jul-22,23:25,8.1,0,8.1
12-Jul-22,23:30,11.9,0,11.9
12-Jul-22,23:35,15.8,0,15.8
12-Jul-22,23:40,18.5,0,18.5
12-Jul-22,23:45,19.5,0,19.5
12-Jul-22,23:50,19.4,0,19.4
12-Jul-22,23:55,18.7,0,18.7
13-Jul-22,0:00,17.6,0,17.6
13-Jul-22,0:05,16.5,0,16.5
13-Jul-22,0:10,15.2,0,15.2
13-Jul-22,0:15,14,0,14
13-Jul-22,0:20,12.8,0,12.8
13-Jul-22,0:25,11.7,0,11.7
13-Jul-22,0:30,10.6,0,10.6
13-Jul-22,0:35,9.7,0,9.7
13-Jul-22,0:40,8.8,0,8.8
13-Jul-22,0:45,7.9,0,7.9
13-Jul-22,0:50,7.2,0,7.2
13-Jul-22,0:55,6.5,0,6.5
13-Jul-22,1:00,5.9,0,5.9
13-Jul-22,1:05,5.3,0,5.3
13-Jul-22,1:10,4.8,0,4.8
13-Jul-22,1:15,4.4,0,4.4
13-Jul-22,1:20,4,0,4
13-Jul-22,1:25,3.7,0,3.7
13-Jul-22,1:30,3.4,0,3.4
13-Jul-22,1:35,3.2,0,3.2
13-Jul-22,1:40,3.1,0,3.1
13-Jul-22,1:45,3,0,3
13-Jul-22,1:50,3,0,3
13-Jul-22,1:55,3,0,3
13-Jul-22,2:00,3,0,3
13-Jul-22,2:05,3,0,3
13-Jul-22,2:10,3,0,3
13-Jul-22,2:15,2.9,0,2.9
13-Jul-22,2:20,2.8,0,2.8
13-Jul-22,2:25,2.7,0,2.7
13-Jul-22,2:30,2.6,0,2.6
13-Jul-22,2:35,2.4,0,2.4
13-Jul-22,2:40,2.3,0,2.3
13-Jul-22,2:45,2.1,0,2.1
13-Jul-22,2:50,2,0,2
13-Jul-22,2:55,1.8,0,1.8
13-Jul-22,3:00,1.6,0,1.6
13-Jul-22,3:05,1.5,0,1.5
13-Jul-22,3:10,1.3,0,1.3
13-Jul-22,3:15,1.2,0,1.2
13-Jul-22,3:20,1,0,1
13-Jul-22,3:25,0.8,0,0.8
13-Jul-22,3:30,0.6,0,0.6
13-Jul-22,3:35,0.3,0,0.3
13-Jul-22,3:40,0.2,0,0.2
13-Jul-22,3:45,0.1,0,0.1
13-Jul-22,3:50,0,0,0
13-Jul-22,3:55,0,0,0
13-Jul-22,4:00,0,0,0
13-Jul-22,4:05,0,0,0
13-Jul-22,4:10,0,0,0
13-Jul-22,4:15,0,0,0
13-Jul-22,4:20,0,0,0
13-Jul-22,4:25,0,0,0
13-Jul-22,4:30,0,0,0
13-Jul-22,4:35,0,0,0
13-Jul-22,4:40,0,0,0
13-Jul-22,4:45,0,0,0
13-Jul-22,4:50,0,0,0
13-Jul-22,4:55,0,0,0
13-Jul-22,5:00,0,0,0
13-Jul-22,5:05,0,0,0
13-Jul-22,5:10,0,0,0
13-Jul-22,5:15,0,0,0
13-Jul-22,5:20,0,0,0
13-Jul-22,5:25,0,0,0
13-Jul-22,5:30,0,0,0
13-Jul-22,5:35,0,0,0
13-Jul-22,5:40,0,0,0
13-Jul-22,5:45,0,0,0
13-Jul-22,5:50,0,0,0
13-Jul-22,5:55,0,0,0
13-Jul-22,6:00,0,0,0
13-Jul-22,6:05,0,0,0
13-Jul-22,6:10,0,0,0
13-Jul-22,6:15,0,0,0
13-Jul-22,6:20,0,0,0
13-Jul-22,6:25,0,0,0
13-Jul-22,6:30,0,0,0
13-Jul-22,6:35,0,0,0
13-Jul-22,6:40,0,0,0
13-Jul-22,6:45,0,0,0
13-Jul-22,6:50,0,0,0
13-Jul-22,6:55,0,0,0
13-Jul-22,7:00,0,0,0
13-Jul-22,7:05,0,0,0
13-Jul-22,7:10,0,0,0
13-Jul-22,7:15,0,0,0
13-Jul-22,7:20,0,0,0
13-Jul-22,7:25,0,0,0
13-Jul-22,7:30,0,0,0
13-Jul-22,7:35,0,0,0
13-Jul-22,7:40,0,0,0
13-Jul-22,7:45,0,0,0
13-Jul-22,7:50,0,0,0
13-Jul-22,7:55,0,0,0
13-Jul-22,8:00,0,0,0
13-Jul-22,8:05,0,0,0
13-Jul-22,8:10,0,0,0
13-Jul-22,8:15,0,0,0
13-Jul-22,8:20,0,0,0
13-Jul-22,8:25,0,0,0
13-Jul-22,8:30,0,0,0
13-Jul-22,8:35,0,0,0
13-Jul-22,8:40,0,0,0
13-Jul-22,8:45,0,0,0
13-Jul-22,8:50,0,0,0
13-Jul-22,8:55,0,0,0
13-Jul-22,9:00,0,0,0
13-Jul-22,9:05,0,0,0
13-Jul-22,9:10,0,0,0
13-Jul-22,9:15,0,0,0
13-Jul-22,9:20,0,0,0
13-Jul-22,9:25,0,0,0
13-Jul-22,9:30,0,0,0
13-Jul-22,9:35,0,0,0
13-Jul-22,9:40,0,0,0
13-Jul-22,9:45,0,0,0
13-Jul-22,9:50,0,0,0
13-Jul-22,9:55,0,0,0
13-Jul-22,10:00,0,0,0
13-Jul-22,10:05,0,0,0
13-Jul-22,10:10,0,0,0
13-Jul-22,10:15,0,0,0
13-Jul-22,10:20,0,0,0
13-Jul-22,10:25,0,0,0
13-Jul-22,10:30,0,0,0
13-Jul-22,10:35,0,0,0
13-Jul-22,10:40,0,0,0
13-Jul-22,10:45,0,0,0
13-Jul-22,10:50,0,0,0
13-Jul-22,10:55,0,0,0
26-Jul-22,11:00,0,0,0
26-Jul-22,11:05,0,0,0
26-Jul-22,11:10,0,0,0
26-Jul-22,11:15,0,0,0
26-Jul-22,11:20,0,0,0
26-Jul-22,11:25,0,0,0
26-Jul-22,11:30,0,0,0
26-Jul-22,11:35,0,0,0
26-Jul-22,11:40,0,0,0
26-Jul-22,11:45,0,0,0
26-Jul-22,11:50,0,0,0
26-Jul-22,11:55,0,0,0
26-Jul-22,12:00,0,0,0
26-Jul-22,12:05,0,0,0
26-Jul-22,12:10,0,0,0
26-Jul-22,12:15,0,0,0
26-Jul-22,12:20,0,0,0
26-Jul-22,12:25,0,0,0
26-Jul-22,12:30,0,0,0
26-Jul-22,12:35,0,0,0
26-Jul-22,12:40,0,0,0
26-Jul-22,12:45,0,0,0
26-Jul-22,12:50,0,0,0
26-Jul-22,12:55,0,0,0
26-Jul-22,13:00,0,0,0
26-Jul-22,13:05,0.1,0,0.1
26-Jul-22,13:10,0.1,0,0.1
26-Jul-22,13:15,0.1,0,0.1
26-Jul-22,13:20,0.2,0,0.2
26-Jul-22,13:25,0.2,0,0.2
26-Jul-22,13:30,184,0,184
26-Jul-22,13:35,719.4,0,719.4
26-Jul-22,13:40,284.9,0,284.9
26-Jul-22,13:45,159.5,0,159.5
26-Jul-22,13:50,443.2,0,443.2
26-Jul-22,13:55,211.5,0,211.5
26-Jul-22,14:00,177.6,0,177.6
26-Jul-22,14:05,271.6,0,271.6
26-Jul-22,14:10,131.7,0,131.7
26-Jul-22,14:15,186.2,0,186.2
26-Jul-22,14:20,131.5,0,131.5
26-Jul-22,14:25,125.8,0,125.8
26-Jul-22,14:30,104.7,0,104.7
26-Jul-22,14:35,93.9,0,93.9
26-Jul-22,14:40,82.2,0,82.2
26-Jul-22,14:45,72.5,0,72.5
26-Jul-22,14:50,64.1,0,64.1
26-Jul-22,14:55,54.9,0,54.9
26-Jul-22,15:00,46.8,0,46.8
26-Jul-22,15:05,39.9,0,39.9
26-Jul-22,15:10,34.2,0,34.2
26-Jul-22,15:15,29.3,0,29.3
26-Jul-22,15:20,25.1,0,25.1
26-Jul-22,15:25,21.6,0,21.6
26-Jul-22,15:30,18.5,0,18.5
26-Jul-22,15:35,15.9,0,15.9
26-Jul-22,15:40,13.6,0,13.6
26-Jul-22,15:45,11.6,0,11.6
26-Jul-22,15:50,10,0,10
26-Jul-22,15:55,8.5,0,8.5
26-Jul-22,16:00,7.3,0,7.3
26-Jul-22,16:05,6.3,0,6.3
26-Jul-22,16:10,5.4,0,5.4
26-Jul-22,16:15,4.6,0,4.6
26-Jul-22,16:20,3.9,0,3.9
26-Jul-22,16:25,3.3,0,3.3
26-Jul-22,16:30,2.8,0,2.8
26-Jul-22,16:35,2.3,0,2.3
26-Jul-22,16:40,1.9,0,1.9
26-Jul-22,16:45,1.6,0,1.6
26-Jul-22,16:50,1.3,0,1.3
26-Jul-22,16:55,1,0,1
26-Jul-22,17:00,0.7,0,0.7
26-Jul-22,17:05,0.4,0,0.4
26-Jul-22,17:10,0.2,0,0.2
26-Jul-22,17:15,0.1,0,0.1
26-Jul-22,17:20,0.1,0,0.1
26-Jul-22,17:25,0,0,0
26-Jul-22,17:30,0,0,0
26-Jul-22,17:35,0,0,0
26-Jul-22,17:40,0,0,0
26-Jul-22,17:45,0,0,0
26-Jul-22,17:50,0,0,0
26-Jul-22,17:55,0,0,0
26-Jul-22,18:00,0,0,0
26-Jul-22,18:05,0,0,0
26-Jul-22,18:10,0,0,0
26-Jul-22,18:15,0,0,0
26-Jul-22,18:20,0,0,0
26-Jul-22,18:25,0,0,0
26-Jul-22,18:30,0,0,0
26-Jul-22,18:35,0,0,0
26-Jul-22,18:40,0,0,0
26-Jul-22,18:45,0,0,0
26-Jul-22,18:50,0,0,0
26-Jul-22,18:55,0,0,0
26-Jul-22,19:00,0,0,0
26-Jul-22,19:05,0,0,0
26-Jul-22,19:10,0,1.1,1.1
26-Jul-22,19:15,0,4.5,4.5
26-Jul-22,19:20,0,11,11
26-Jul-22,19:25,0.1,19.3,19.3
26-Jul-22,19:30,0.1,26,26.1
26-Jul-22,19:35,0.2,29.3,29.5
26-Jul-22,19:40,0.3,29.1,29.3
26-Jul-22,19:45,0.3,26.3,26.6
26-Jul-22,19:50,1.1,21.4,22.4
26-Jul-22,19:55,7.2,16.4,23.6
26-Jul-22,20:00,27.9,12.3,40.2
26-Jul-22,20:05,57.6,9.3,66.8
26-Jul-22,20:10,79.2,6.8,86
26-Jul-22,20:15,78.9,5,83.9
26-Jul-22,20:20,73.2,3.7,76.9
26-Jul-22,20:25,65.8,2.7,68.6
26-Jul-22,20:30,57.1,2,59.1
26-Jul-22,20:35,48.2,1.5,49.7
26-Jul-22,20:40,41.8,1.1,42.9
26-Jul-22,20:45,39.5,0.8,40.3
26-Jul-22,20:50,80.8,0.6,81.4
26-Jul-22,20:55,273.8,0.4,274.2
26-Jul-22,21:00,229.1,0.3,229.5
26-Jul-22,21:05,191.3,0.2,191.5
26-Jul-22,21:10,193.9,0.2,194
26-Jul-22,21:15,161.9,0.1,162
26-Jul-22,21:20,148.7,0.1,148.7
26-Jul-22,21:25,130.7,0,130.7
26-Jul-22,21:30,116.3,0,116.3
26-Jul-22,21:35,103.1,0,103.1
26-Jul-22,21:40,91.6,0,91.6
26-Jul-22,21:45,81.9,0,81.9
26-Jul-22,21:50,73.2,0,73.2
26-Jul-22,21:55,65.6,0,65.6
26-Jul-22,22:00,58,0,58
26-Jul-22,22:05,50.3,0,50.3
26-Jul-22,22:10,43.5,0,43.5
26-Jul-22,22:15,37.7,0,37.7
26-Jul-22,22:20,32.6,0,32.6
26-Jul-22,22:25,28.3,0,28.3
26-Jul-22,22:30,24.5,0,24.5
26-Jul-22,22:35,21.3,0,21.3
26-Jul-22,22:40,18.5,0,18.5
26-Jul-22,22:45,16.1,0,16.1
26-Jul-22,22:50,14,0,14
26-Jul-22,22:55,12.2,0,12.2
26-Jul-22,23:00,10.7,0,10.7
26-Jul-22,23:05,9.4,0,9.4
26-Jul-22,23:10,8.4,0,8.4
26-Jul-22,23:15,7.6,0,7.6
26-Jul-22,23:20,7.3,0,7.3
26-Jul-22,23:25,7.3,0,7.3
26-Jul-22,23:30,7.6,0,7.6
26-Jul-22,23:35,8.1,0,8.1
26-Jul-22,23:40,8.5,0,8.5
26-Jul-22,23:45,8.8,0,8.8
26-Jul-22,23:50,9.1,0,9.1
26-Jul-22,23:55,9.3,0,9.3
27-Jul-22,0:00,9.5,0,9.5
27-Jul-22,0:05,9.7,0,9.7
27-Jul-22,0:10,9.8,0,9.8
27-Jul-22,0:15,9.8,0,9.8
27-Jul-22,0:20,9.7,0,9.7
27-Jul-22,0:25,9.3,0,9.3
27-Jul-22,0:30,8.8,0,8.8
27-Jul-22,0:35,8.7,0,8.7
27-Jul-22,0:40,10.6,0,10.6
27-Jul-22,0:45,16.6,0,16.6
27-Jul-22,0:50,25.1,0,25.1
27-Jul-22,0:55,31.8,0,31.8
27-Jul-22,1:00,34.7,0,34.7
27-Jul-22,1:05,35,0,35
27-Jul-22,1:10,33.9,0,33.9
27-Jul-22,1:15,32.3,0,32.3
27-Jul-22,1:20,30.5,0,30.5
27-Jul-22,1:25,28.6,0,28.6
27-Jul-22,1:30,26.8,0,26.8
27-Jul-22,1:35,25,0,25
27-Jul-22,1:40,23.3,0,23.3
27-Jul-22,1:45,21.7,0,21.7
27-Jul-22,1:50,20.2,0,20.2
27-Jul-22,1:55,18.8,0,18.8
27-Jul-22,2:00,17.4,0,17.4
27-Jul-22,2:05,16.1,0,16.1
27-Jul-22,2:10,14.9,0,14.9
27-Jul-22,2:15,13.7,0,13.7
27-Jul-22,2:20,12.5,0,12.5
27-Jul-22,2:25,11.4,0,11.4
27-Jul-22,2:30,10.4,0,10.4
27-Jul-22,2:35,9.4,0,9.4
27-Jul-22,2:40,8.5,0,8.5
27-Jul-22,2:45,7.7,0,7.7
27-Jul-22,2:50,7,0,7
27-Jul-22,2:55,6.3,0,6.3
27-Jul-22,3:00,5.7,0,5.7
27-Jul-22,3:05,5.2,0,5.2
27-Jul-22,3:10,4.7,0,4.7
27-Jul-22,3:15,4.2,0,4.2
27-Jul-22,3:20,3.8,0,3.8
27-Jul-22,3:25,3.5,0,3.5
27-Jul-22,3:30,3.1,0,3.1
27-Jul-22,3:35,2.8,0,2.8
27-Jul-22,3:40,2.6,0,2.6
27-Jul-22,3:45,2.3,0,2.3
27-Jul-22,3:50,2.1,0,2.1
27-Jul-22,3:55,1.9,0,1.9
27-Jul-22,4:00,1.7,0,1.7
27-Jul-22,4:05,1.5,0,1.5
27-Jul-22,4:10,1.3,0,1.3
27-Jul-22,4:15,1.2,0,1.2
27-Jul-22,4:20,1,0,1
27-Jul-22,4:25,0.8,0,0.8
27-Jul-22,4:30,0.5,0,0.5
27-Jul-22,4:35,0.3,0,0.3
27-Jul-22,4:40,0.1,0,0.1
27-Jul-22,4:45,0.1,0,0.1
27-Jul-22,4:50,0,0,0
27-Jul-22,4:55,0,0,0
27-Jul-22,5:00,0,0,0
27-Jul-22,5:05,0,0,0
27-Jul-22,5:10,0,0,0
27-Jul-22,5:15,0,0,0
27-Jul-22,5:20,0,0,0
27-Jul-22,5:25,0,0,0
27-Jul-22,5:30,0,0,0
27-Jul-22,5:35,0,0,0
27-Jul-22,5:40,0,0,0
27-Jul-22,5:45,0,0,0
27-Jul-22,5:50,0,0,0
27-Jul-22,5:55,0,0,0
27-Jul-22,6:00,0,0,0
27-Jul-22,6:05,0,0,0
27-Jul-22,6:10,0,0,0
27-Jul-22,6:15,0,0,0
27-Jul-22,6:20,0,0,0
27-Jul-22,6:25,0,0,0
27-Jul-22,6:30,0,0,0
27-Jul-22,6:35,0,0,0
27-Jul-22,6:40,0,0,0
27-Jul-22,6:45,0,0,0
27-Jul-22,6:50,0,0,0
27-Jul-22,6:55,0,0,0
27-Jul-22,7:00,0,0,0
27-Jul-22,7:05,0,0,0
27-Jul-22,7:10,0,0,0
27-Jul-22,7:15,0,0,0
27-Jul-22,7:20,0,0,0
27-Jul-22,7:25,0,0,0
27-Jul-22,7:30,0,0,0
27-Jul-22,7:35,0,0,0
27-Jul-22,7:40,0,0,0
27-Jul-22,7:45,0,0,0
27-Jul-22,7:50,0,0,0
27-Jul-22,7:55,0,0,0
27-Jul-22,8:00,0,0,0
27-Jul-22,8:05,0,0,0
27-Jul-22,8:10,0,0,0
27-Jul-22,8:15,0,0,0
27-Jul-22,8:20,0,0,0
27-Jul-22,8:25,0,0,0
27-Jul-22,8:30,0,0,0
27-Jul-22,8:35,0,0,0
27-Jul-22,8:40,0,0,0
27-Jul-22,8:45,0,0,0
27-Jul-22,8:50,0,0,0
27-Jul-22,8:55,0,0,0
27-Jul-22,9:00,0,0,0
27-Jul-22,9:05,0,0,0
27-Jul-22,9:10,0,0,0
27-Jul-22,9:15,0,0,0
27-Jul-22,9:20,0,0,0
27-Jul-22,9:25,0,0,0
27-Jul-22,9:30,0,0,0
27-Jul-22,9:35,0,0,0
27-Jul-22,9:40,0,0,0
27-Jul-22,9:45,0,0,0
27-Jul-22,9:50,0,0,0
27-Jul-22,9:55,0,0,0
27-Jul-22,10:00,0,0,0
27-Jul-22,10:05,0,0,0
27-Jul-22,10:10,0,0,0
27-Jul-22,10:15,0,0,0
27-Jul-22,10:20,0,0,0
27-Jul-22,10:25,0,0,0
27-Jul-22,10:30,0,0,0
27-Jul-22,10:35,0,0,0
27-Jul-22,10:40,0,0,0
27-Jul-22,10:45,0,0,0
27-Jul-22,10:50,0,0,0
27-Jul-22,10:55,0,0,0
27-Jul-22,11:00,0,0,0
27-Jul-22,11:05,0,0,0
27-Jul-22,11:10,0,0,0
27-Jul-22,11:15,0,0,0
27-Jul-22,11:20,0,0,0
27-Jul-22,11:25,0,0,0
27-Jul-22,11:30,0,0,0
27-Jul-22,11:35,0,0,0
27-Jul-22,11:40,0,0,0
27-Jul-22,11:45,0,0,0
27-Jul-22,11:50,0,0,0
27-Jul-22,11:55,0,0,0
27-Jul-22,12:00,0,0,0
27-Jul-22,12:05,0,0,0
27-Jul-22,12:10,0,0,0
27-Jul-22,12:15,0,0,0
27-Jul-22,12:20,0,0,0
27-Jul-22,12:25,0,0,0
27-Jul-22,12:30,0,0,0
27-Jul-22,12:35,0,0,0
27-Jul-22,12:40,0,0,0
27-Jul-22,12:45,0,0,0
27-Jul-22,12:50,0,0,0
27-Jul-22,12:55,0,0,0
27-Jul-22,13:00,0,0,0
27-Jul-22,13:05,0,0,0
27-Jul-22,13:10,0,0,0
27-Jul-22,13:15,0,0,0
27-Jul-22,13:20,0,0,0
27-Jul-22,13:25,0,0,0
27-Jul-22,13:30,0,0,0
27-Jul-22,13:35,0,0,0
27-Jul-22,13:40,0,0,0
27-Jul-22,13:45,0,0,0
27-Jul-22,13:50,0,0,0
27-Jul-22,13:55,0,0,0
27-Jul-22,14:00,0,0,0
27-Jul-22,14:05,0,0,0
27-Jul-22,14:10,0,0,0
27-Jul-22,14:15,0,0,0
27-Jul-22,14:20,0,0,0
27-Jul-22,14:25,0,0,0
27-Jul-22,14:30,0,0,0
27-Jul-22,14:35,0,0,0
27-Jul-22,14:40,0,0,0
27-Jul-22,14:45,0,0,0
27-Jul-22,14:50,0,0,0
27-Jul-22,14:55,0,0,0
27-Jul-22,15:00,0,0,0
27-Jul-22,15:05,0,0,0
27-Jul-22,15:10,0,0,0
27-Jul-22,15:15,0,0,0
27-Jul-22,15:20,0,0,0
27-Jul-22,15:25,0,0,0
27-Jul-22,15:30,0,0,0
27-Jul-22,15:35,0,0,0
27-Jul-22,15:40,0,0,0
27-Jul-22,15:45,0,0,0
27-Jul-22,15:50,0,0,0
27-Jul-22,15:55,0,0,0
27-Jul-22,16:00,0,0,0
27-Jul-22,16:05,0,0,0
27-Jul-22,16:10,0,0,0
27-Jul-22,16:15,0,0,0
27-Jul-22,16:20,0,0,0
27-Jul-22,16:25,0,0,0
27-Jul-22,16:30,0,0,0
27-Jul-22,16:35,0,0,0
27-Jul-22,16:40,0,0,0
27-Jul-22,16:45,0,0,0
27-Jul-22,16:50,0,0,0
27-Jul-22,16:55,1.7,0,1.7
27-Jul-22,17:00,440,0,440
27-Jul-22,17:05,493.8,0,493.8
27-Jul-22,17:10,21.2,0,21.2
27-Jul-22,17:15,2.7,0,2.7
27-Jul-22,17:20,242.5,0,242.5
27-Jul-22,17:25,320.6,0,320.6
27-Jul-22,17:30,47.3,0,47.3
27-Jul-22,17:35,190,0,190
27-Jul-22,17:40,126.2,0,126.2
27-Jul-22,17:45,154.7,0,154.7
27-Jul-22,17:50,110.1,0,110.1
27-Jul-22,17:55,96.1,0,96.1
27-Jul-22,18:00,101,0,101
27-Jul-22,18:05,86.1,0,86.1
27-Jul-22,18:10,79,0,79
27-Jul-22,18:15,72.6,0,72.6
27-Jul-22,18:20,66,0,66
27-Jul-22,18:25,59.8,0,59.8
27-Jul-22,18:30,53.6,0,53.6
27-Jul-22,18:35,48.1,0,48.1
27-Jul-22,18:40,43.1,0,43.1
27-Jul-22,18:45,38.5,0,38.5
27-Jul-22,18:50,34.3,0,34.3
27-Jul-22,18:55,30.4,0,30.4
27-Jul-22,19:00,27,0,27
27-Jul-22,19:05,23.9,0,23.9
27-Jul-22,19:10,21.1,0,21.1
27-Jul-22,19:15,18.6,0,18.6
27-Jul-22,19:20,16.4,0,16.4
27-Jul-22,19:25,14.5,0,14.5
27-Jul-22,19:30,12.7,0,12.7
27-Jul-22,19:35,11.2,0,11.2
27-Jul-22,19:40,9.9,0,9.9
27-Jul-22,19:45,8.7,0,8.7
27-Jul-22,19:50,7.6,0,7.6
27-Jul-22,19:55,6.7,0,6.7
27-Jul-22,20:00,5.9,0,5.9
27-Jul-22,20:05,5.2,0,5.2
27-Jul-22,20:10,4.5,0,4.5
27-Jul-22,20:15,4,0,4
27-Jul-22,20:20,3.5,0,3.5
27-Jul-22,20:25,3.1,0,3.1
27-Jul-22,20:30,2.7,0,2.7
27-Jul-22,20:35,2.3,0,2.3
27-Jul-22,20:40,2,0,2
27-Jul-22,20:45,1.8,0,1.8
27-Jul-22,20:50,1.5,0,1.5
27-Jul-22,20:55,1.3,0,1.3
27-Jul-22,21:00,1.1,0,1.1
27-Jul-22,21:05,1.3,0,1.3
27-Jul-22,21:10,5,0,5
27-Jul-22,21:15,16.6,0,16.6
27-Jul-22,21:20,30.1,0,30.1
27-Jul-22,21:25,37.5,0,37.5
27-Jul-22,21:30,39.5,0,39.5
27-Jul-22,21:35,38.8,0,38.8
27-Jul-22,21:40,36.6,0,36.6
27-Jul-22,21:45,33.9,0,33.9
27-Jul-22,21:50,30.8,0,30.8
27-Jul-22,21:55,27.8,0,27.8
27-Jul-22,22:00,24.9,0,24.9
27-Jul-22,22:05,22.2,0,22.2
27-Jul-22,22:10,19.7,0,19.7
27-Jul-22,22:15,17.4,0,17.4
27-Jul-22,22:20,15.4,0,15.4
27-Jul-22,22:25,13.6,0,13.6
27-Jul-22,22:30,12,0,12
27-Jul-22,22:35,10.5,0,10.5
27-Jul-22,22:40,9.3,0,9.3
27-Jul-22,22:45,8.2,0,8.2
27-Jul-22,22:50,7.2,0,7.2
27-Jul-22,22:55,6.3,0,6.3
27-Jul-22,23:00,5.6,0,5.6
27-Jul-22,23:05,4.9,0,4.9
27-Jul-22,23:10,4.3,0,4.3
27-Jul-22,23:15,3.8,0,3.8
27-Jul-22,23:20,3.4,0,3.4
27-Jul-22,23:25,3,0,3
27-Jul-22,23:30,2.6,0,2.6
27-Jul-22,23:35,2.3,0,2.3
27-Jul-22,23:40,2,0,2
27-Jul-22,23:45,1.7,0,1.7
27-Jul-22,23:50,1.5,0,1.5
27-Jul-22,23:55,1.2,0,1.2
28-Jul-22,0:00,1,0,1
28-Jul-22,0:05,0.8,0,0.8
28-Jul-22,0:10,0.5,0,0.5
28-Jul-22,0:15,0.3,0,0.3
28-Jul-22,0:20,0.1,0,0.1
28-Jul-22,0:25,0.1,0,0.1
28-Jul-22,0:30,0,0,0
28-Jul-22,0:35,0,0,0
28-Jul-22,0:40,0,0,0
28-Jul-22,0:45,0,0,0
28-Jul-22,0:50,0,0,0
28-Jul-22,0:55,0,0,0
28-Jul-22,1:00,0,0,0
28-Jul-22,1:05,0,0,0
28-Jul-22,1:10,0,0,0
28-Jul-22,1:15,0,0,0
28-Jul-22,1:20,0,0,0
28-Jul-22,1:25,0,0,0
28-Jul-22,1:30,0,0,0
28-Jul-22,1:35,0,0,0
28-Jul-22,1:40,0,0,0
28-Jul-22,1:45,0,0,0
28-Jul-22,1:50,0,0,0
28-Jul-22,1:55,0,0,0
28-Jul-22,2:00,0,0,0
28-Jul-22,2:05,0,0,0
28-Jul-22,2:10,0,0,0
28-Jul-22,2:15,0,0,0
28-Jul-22,2:20,0,0,0
28-Jul-22,2:25,0,0,0
28-Jul-22,2:30,0,0,0
28-Jul-22,2:35,0,0,0
28-Jul-22,2:40,0,0,0
28-Jul-22,2:45,0,0,0
28-Jul-22,2:50,0,0,0
28-Jul-22,2:55,0,0,0
28-Jul-22,3:00,0,0,0
28-Jul-22,3:05,0,0,0
28-Jul-22,3:10,0,0,0
28-Jul-22,3:15,0,0,0
28-Jul-22,3:20,0,0,0
28-Jul-22,3:25,0,0,0
28-Jul-22,3:30,0,0,0
28-Jul-22,3:35,0,0,0
28-Jul-22,3:40,0,0,0
28-Jul-22,3:45,0,0,0
28-Jul-22,3:50,0,0,0
28-Jul-22,3:55,0,0,0
28-Jul-22,4:00,0,0,0
28-Jul-22,4:05,0,0,0
28-Jul-22,4:10,0,0,0
28-Jul-22,4:15,0,0,0
28-Jul-22,4:20,0,0,0
28-Jul-22,4:25,0,0,0
28-Jul-22,4:30,0,0,0
28-Jul-22,4:35,0,0,0
28-Jul-22,4:40,0,0,0
28-Jul-22,4:45,0,0,0
28-Jul-22,4:50,0,0,0
28-Jul-22,4:55,0,0,0
28-Jul-22,5:00,0,0,0
28-Jul-22,5:05,0,0,0
28-Jul-22,5:10,0,0,0
28-Jul-22,5:15,0,0,0
28-Jul-22,5:20,0,0,0
28-Jul-22,5:25,0,0,0
28-Jul-22,5:30,0,0,0
28-Jul-22,5:35,0,0,0
28-Jul-22,5:40,0,0,0
28-Jul-22,5:45,0,0,0
28-Jul-22,5:50,0,0,0
28-Jul-22,5:55,0,0,0
28-Jul-22,6:00,0,0,0
28-Jul-22,6:05,0,0,0
28-Jul-22,6:10,0,0,0
28-Jul-22,6:15,0,0,0
28-Jul-22,6:20,0,0,0
28-Jul-22,6:25,0,0,0
28-Jul-22,6:30,0,0,0
28-Jul-22,6:35,0,0,0
28-Jul-22,6:40,0,0,0
28-Jul-22,6:45,0,0,0
28-Jul-22,6:50,0,0,0
28-Jul-22,6:55,0,0,0
28-Jul-22,7:00,0,0,0
28-Jul-22,7:05,0,0,0
28-Jul-22,7:10,0,0,0
28-Jul-22,7:15,0,0,0
28-Jul-22,7:20,0,0,0
28-Jul-22,7:25,0,0,0
28-Jul-22,7:30,0,0,0
28-Jul-22,7:35,0,0,0
28-Jul-22,7:40,0,0,0
28-Jul-22,7:45,0,0,0
28-Jul-22,7:50,0,0,0
28-Jul-22,7:55,0,0,0
28-Jul-22,8:00,0,0,0
28-Jul-22,8:05,0,0,0
28-Jul-22,8:10,0,0,0
28-Jul-22,8:15,0,0,0
28-Jul-22,8:20,0,0,0
28-Jul-22,8:25,0,0,0
28-Jul-22,8:30,0,0,0
28-Jul-22,8:35,0,0,0
28-Jul-22,8:40,0,0,0
28-Jul-22,8:45,0,0,0
28-Jul-22,8:50,0,0,0
28-Jul-22,8:55,0,0,0
28-Jul-22,9:00,0,0,0
28-Jul-22,9:05,0,0,0
28-Jul-22,9:10,0,0,0
28-Jul-22,9:15,0,0,0
28-Jul-22,9:20,0,0,0
28-Jul-22,9:25,0,0,0
28-Jul-22,9:30,0,0,0
28-Jul-22,9:35,0,0,0
28-Jul-22,9:40,0,0,0
28-Jul-22,9:45,0,0,0
28-Jul-22,9:50,0,0,0
28-Jul-22,9:55,0,0,0
28-Jul-22,10:00,0,0,0
28-Jul-22,10:05,0,0,0
28-Jul-22,10:10,0,0,0
28-Jul-22,10:15,0,0,0
28-Jul-22,10:20,0,0,0
28-Jul-22,10:25,0,0,0
28-Jul-22,10:30,0,0,0
28-Jul-22,10:35,0,0,0
28-Jul-22,10:40,0,0,0
28-Jul-22,10:45,0,0,0
28-Jul-22,10:50,0,0,0
28-Jul-22,10:55,0,0,0
28-Jul-22,11:00,0,0,0
28-Jul-22,11:05,0,0,0
28-Jul-22,11:10,0,0,0
28-Jul-22,11:15,0,0,0
28-Jul-22,11:20,0,0,0
28-Jul-22,11:25,0,0,0
28-Jul-22,11:30,0,0,0
28-Jul-22,11:35,0,0,0
28-Jul-22,11:40,0,0,0
28-Jul-22,11:45,0,0,0
28-Jul-22,11:50,0,0,0
28-Jul-22,11:55,0,0,0
28-Jul-22,12:00,0,0,0
28-Jul-22,12:05,0,0,0
28-Jul-22,12:10,0,0,0
28-Jul-22,12:15,0,0,0
28-Jul-22,12:20,0,0,0
28-Jul-22,12:25,0,0,0
28-Jul-22,12:30,0,0,0
28-Jul-22,12:35,0,0,0
28-Jul-22,12:40,0,0,0
28-Jul-22,12:45,0,0,0
28-Jul-22,12:50,0,0,0
28-Jul-22,12:55,0,0,0
28-Jul-22,13:00,0,0,0
28-Jul-22,13:05,0,0,0
28-Jul-22,13:10,0,0,0
28-Jul-22,13:15,0,0,0
28-Jul-22,13:20,0,0,0
28-Jul-22,13:25,0,0,0
28-Jul-22,13:30,0,0,0
28-Jul-22,13:35,0,0,0
28-Jul-22,13:40,0,0,0
28-Jul-22,13:45,0,0,0
28-Jul-22,13:50,0,0,0
28-Jul-22,13:55,0,0,0
28-Jul-22,14:00,0,0,0
28-Jul-22,14:05,0,0,0
28-Jul-22,14:10,0,0,0
28-Jul-22,14:15,0,0,0
28-Jul-22,14:20,0,0,0
28-Jul-22,14:25,0,0,0
28-Jul-22,14:30,0,0,0
28-Jul-22,14:35,0,0,0
28-Jul-22,14:40,0,0,0
28-Jul-22,14:45,0,0,0
28-Jul-22,14:50,0,0,0
28-Jul-22,14:55,0,0,0
28-Jul-22,15:00,0,0,0
28-Jul-22,15:05,0,0,0
28-Jul-22,15:10,0,0,0
28-Jul-22,15:15,0,0,0
28-Jul-22,15:20,0,0,0
28-Jul-22,15:25,0,0,0
28-Jul-22,15:30,0,0,0
28-Jul-22,15:35,0,0,0
28-Jul-22,15:40,0,0,0
28-Jul-22,15:45,0,0,0
28-Jul-22,15:50,0,0,0
28-Jul-22,15:55,0,0,0
28-Jul-22,16:00,0,0,0
28-Jul-22,16:05,0,0,0
28-Jul-22,16:10,0,0,0
28-Jul-22,16:15,0,0,0
28-Jul-22,16:20,0,0,0
28-Jul-22,16:25,0,0,0
28-Jul-22,16:30,0,0,0
28-Jul-22,16:35,0,0,0
28-Jul-22,16:40,0,0,0
28-Jul-22,16:45,0,0,0
28-Jul-22,16:50,0,0,0
28-Jul-22,16:55,0,0,0
28-Jul-22,17:00,0,0,0
28-Jul-22,17:05,0,0,0
28-Jul-22,17:10,0,0,0
28-Jul-22,17:15,0,0,0
28-Jul-22,17:20,0,0,0
28-Jul-22,17:25,0,0,0
28-Jul-22,17:30,0,0,0
28-Jul-22,17:35,0,0,0
28-Jul-22,17:40,0,0,0
28-Jul-22,17:45,0,0,0
28-Jul-22,17:50,0,0,0
28-Jul-22,17:55,0,0,0
28-Jul-22,18:00,0.1,0,0.1
28-Jul-22,18:05,0.1,0,0.1
28-Jul-22,18:10,0.1,0,0.1
28-Jul-22,18:15,0.2,0,0.2
28-Jul-22,18:20,0.2,0,0.2
28-Jul-22,18:25,0.3,0,0.3
28-Jul-22,18:30,0.3,0,0.3
28-Jul-22,18:35,0.3,0,0.3
28-Jul-22,18:40,0.3,0,0.3
28-Jul-22,18:45,0.4,0,0.4
28-Jul-22,18:50,0.4,0,0.4
28-Jul-22,18:55,0.7,0,0.7
28-Jul-22,19:00,1.2,0,1.2
28-Jul-22,19:05,2.3,0,2.3
28-Jul-22,19:10,3.8,0,3.8
28-Jul-22,19:15,5.5,0,5.5
28-Jul-22,19:20,7.2,0,7.2
28-Jul-22,19:25,8.5,0,8.5
28-Jul-22,19:30,9.6,0,9.6
28-Jul-22,19:35,10.2,0,10.2
28-Jul-22,19:40,10.6,0,10.6
28-Jul-22,19:45,10.6,0,10.6
28-Jul-22,19:50,10.5,0,10.5
28-Jul-22,19:55,10.3,0,10.3
28-Jul-22,20:00,10,0,10
28-Jul-22,20:05,9.9,0,9.9
28-Jul-22,20:10,9.9,0,9.9
28-Jul-22,20:15,10.2,0,10.2
28-Jul-22,20:20,10.8,0,10.8
28-Jul-22,20:25,11.6,0,11.6
28-Jul-22,20:30,12.3,0,12.3
28-Jul-22,20:35,12.8,0,12.8
28-Jul-22,20:40,12.9,0,12.9
28-Jul-22,20:45,12.6,0,12.6
28-Jul-22,20:50,11.9,0,11.9
28-Jul-22,20:55,11.1,0,11.1
28-Jul-22,21:00,10.2,0,10.2
28-Jul-22,21:05,9.3,0,9.3
28-Jul-22,21:10,8.4,0,8.4
28-Jul-22,21:15,7.6,0,7.6
28-Jul-22,21:20,6.9,0,6.9
28-Jul-22,21:25,6.3,0,6.3
28-Jul-22,21:30,5.8,0,5.8
28-Jul-22,21:35,5.3,0,5.3
28-Jul-22,21:40,5,0,5
28-Jul-22,21:45,4.7,0,4.7
28-Jul-22,21:50,4.5,0,4.5
28-Jul-22,21:55,4.3,0,4.3
28-Jul-22,22:00,4.2,0,4.2
28-Jul-22,22:05,4.2,0,4.2
28-Jul-22,22:10,4.3,0,4.3
28-Jul-22,22:15,4.4,0,4.4
28-Jul-22,22:20,4.5,0,4.5
28-Jul-22,22:25,4.5,0,4.5
28-Jul-22,22:30,4.5,0,4.5
28-Jul-22,22:35,4.4,0,4.4
28-Jul-22,22:40,4.3,0,4.3
28-Jul-22,22:45,4.1,0,4.1
28-Jul-22,22:50,3.9,0,3.9
28-Jul-22,22:55,3.7,0,3.8
28-Jul-22,23:00,3.5,0.1,3.6
28-Jul-22,23:05,3.5,0.1,3.5
28-Jul-22,23:10,3.6,0.1,3.6
28-Jul-22,23:15,3.9,0.1,4
28-Jul-22,23:20,4.5,0.1,4.6
28-Jul-22,23:25,5.2,0,5.2
28-Jul-22,23:30,5.8,0,5.8
28-Jul-22,23:35,6.3,0,6.3
28-Jul-22,23:40,6.6,0,6.7
28-Jul-22,23:45,6.9,0,6.9
28-Jul-22,23:50,7.2,0,7.2
28-Jul-22,23:55,7.8,0,7.8
29-Jul-22,0:00,9.1,0,9.1
29-Jul-22,0:05,11.5,0,11.5
29-Jul-22,0:10,15.3,0,15.3
29-Jul-22,0:15,21.4,0,21.4
29-Jul-22,0:20,32,0,32
29-Jul-22,0:25,48.1,0.1,48.1
29-Jul-22,0:30,62.1,0.1,62.3
29-Jul-22,0:35,69.1,0.2,69.3
29-Jul-22,0:40,70.3,0.2,70.5
29-Jul-22,0:45,69.3,0.2,69.5
29-Jul-22,0:50,67,0.2,67.2
29-Jul-22,0:55,64.5,0.2,64.6
29-Jul-22,1:00,63.5,0.1,63.6
29-Jul-22,1:05,64.3,0.1,64.4
29-Jul-22,1:10,65.3,0.1,65.4
29-Jul-22,1:15,65.2,0.1,65.3
29-Jul-22,1:20,66.5,0.5,67
29-Jul-22,1:25,77.9,1.4,79.3
29-Jul-22,1:30,89.1,2.7,91.9
29-Jul-22,1:35,85.3,4.3,89.7
29-Jul-22,1:40,79.5,5.7,85.3
29-Jul-22,1:45,74,6.8,80.8
29-Jul-22,1:50,68.8,7.7,76.5
29-Jul-22,1:55,64.1,8.4,72.5
29-Jul-22,2:00,60.1,9.4,69.5
29-Jul-22,2:05,57.2,11.2,68.4
29-Jul-22,2:10,55.4,13.8,69.3
29-Jul-22,2:15,54,17.3,71.3
29-Jul-22,2:20,52.3,21.3,73.5
29-Jul-22,2:25,50.3,25.3,75.5
29-Jul-22,2:30,48.4,28.8,77.2
29-Jul-22,2:35,47.2,31.4,78.6
29-Jul-22,2:40,48.5,32.8,81.2
29-Jul-22,2:45,187.9,32.5,220.3
29-Jul-22,2:50,456.8,30,486.7
29-Jul-22,2:55,433.3,25.8,459.1
29-Jul-22,3:00,561,20.9,581.9
29-Jul-22,3:05,892.5,16.6,909.1
29-Jul-22,3:10,1208.5,13,1221.6
29-Jul-22,3:15,1057.3,11,1068.3
29-Jul-22,3:20,824.5,9.8,834.3
29-Jul-22,3:25,917.2,8.6,925.8
29-Jul-22,3:30,1098.8,7.3,1106.1
29-Jul-22,3:35,985.2,6.6,991.8
29-Jul-22,3:40,868.5,6.8,875.2
29-Jul-22,3:45,1024.1,7.9,1032
29-Jul-22,3:50,1001.1,9.4,1010.6
29-Jul-22,3:55,952.2,10.2,962.4
29-Jul-22,4:00,1041.6,11.1,1052.7
29-Jul-22,4:05,1002.1,13.5,1015.6
29-Jul-22,4:10,843.9,18.4,862.2
29-Jul-22,4:15,859.5,24.2,883.6
29-Jul-22,4:20,800.6,30.1,830.6
29-Jul-22,4:25,725.8,33.8,759.7
29-Jul-22,4:30,755.3,35.9,791.1
29-Jul-22,4:35,672.7,37.6,710.3
29-Jul-22,4:40,651.7,39.5,691.2
29-Jul-22,4:45,675.1,41.1,716.2
29-Jul-22,4:50,628.1,40.4,668.5
29-Jul-22,4:55,627.3,37.1,664.4
29-Jul-22,5:00,594.9,31.6,626.4
29-Jul-22,5:05,586.6,25.2,611.7
29-Jul-22,5:10,599.3,18.8,618.1
29-Jul-22,5:15,576.9,13.6,590.4
29-Jul-22,5:20,536.4,10.5,546.9
29-Jul-22,5:25,533.8,8.9,542.7
29-Jul-22,5:30,532.4,8.7,541.1
29-Jul-22,5:35,535.9,8.9,544.8
29-Jul-22,5:40,531.2,8.5,539.7
29-Jul-22,5:45,547,7.6,554.6
29-Jul-22,5:50,554.7,6.4,561
29-Jul-22,5:55,520.1,5,525.1
29-Jul-22,6:00,498.7,3.5,502.2
29-Jul-22,6:05,493.4,2.6,495.9
29-Jul-22,6:10,461.7,1.9,463.6
29-Jul-22,6:15,439.6,1.4,441
29-Jul-22,6:20,417.9,1,418.9
29-Jul-22,6:25,374.8,0.7,375.5
29-Jul-22,6:30,340,0.5,340.6
29-Jul-22,6:35,329.7,0.4,330.1
29-Jul-22,6:40,300.9,0.2,301.2
29-Jul-22,6:45,278.7,0.2,278.8
29-Jul-22,6:50,272.3,0.1,272.5
29-Jul-22,6:55,248.8,0.1,248.9
29-Jul-22,7:00,226.6,0.1,226.6
29-Jul-22,7:05,214.3,0.1,214.4
29-Jul-22,7:10,197,0,197
29-Jul-22,7:15,182.2,0,182.2
29-Jul-22,7:20,174.5,0,174.6
29-Jul-22,7:25,162.4,0,162.4
29-Jul-22,7:30,145.4,0,145.4
29-Jul-22,7:35,134.4,0,134.4
29-Jul-22,7:40,124.8,0,124.8
29-Jul-22,7:45,119.4,0,119.4
29-Jul-22,7:50,111.2,0,111.2
29-Jul-22,7:55,101.4,0,101.4
29-Jul-22,8:00,94.1,0,94.1
29-Jul-22,8:05,89.1,0,89.1
29-Jul-22,8:10,83.6,0,83.6
29-Jul-22,8:15,77.4,0,77.4
29-Jul-22,8:20,72.4,0,72.4
29-Jul-22,8:25,68.2,0,68.2
29-Jul-22,8:30,63.7,0,63.7
29-Jul-22,8:35,59.5,0,59.5
29-Jul-22,8:40,55.3,0,55.3
29-Jul-22,8:45,51.5,0,51.5
29-Jul-22,8:50,47.9,0,47.9
29-Jul-22,8:55,44.7,0,44.7
29-Jul-22,9:00,41.7,0,41.7
29-Jul-22,9:05,38.8,0,38.8
29-Jul-22,9:10,36.1,0,36.1
29-Jul-22,9:15,33.5,0,33.5
29-Jul-22,9:20,31,0,31
29-Jul-22,9:25,28.5,0,28.5
29-Jul-22,9:30,26.2,0,26.2
29-Jul-22,9:35,24.1,0,24.1
29-Jul-22,9:40,22,0,22
29-Jul-22,9:45,20.2,0,20.2
29-Jul-22,9:50,18.4,0,18.4
29-Jul-22,9:55,16.9,0,16.9
29-Jul-22,10:00,15.4,0,15.4
29-Jul-22,10:05,14.1,0,14.1
29-Jul-22,10:10,13,0,13
29-Jul-22,10:15,11.9,0,11.9
29-Jul-22,10:20,10.9,0,10.9
29-Jul-22,10:25,10.1,0,10.1
29-Jul-22,10:30,9.3,0,9.3
29-Jul-22,10:35,8.5,0,8.5
29-Jul-22,10:40,7.9,0,7.9
29-Jul-22,10:45,7.2,0,7.2
29-Jul-22,10:50,6.7,0,6.7
29-Jul-22,10:55,6.1,0,6.1
29-Jul-22,11:00,0,0,0
29-Jul-22,11:05,0,0,0
29-Jul-22,11:10,0,0,0
29-Jul-22,11:15,0,0,0
29-Jul-22,11:20,0,0,0
29-Jul-22,11:25,0,0,0
29-Jul-22,11:30,0,0,0
29-Jul-22,11:35,0,0,0
29-Jul-22,11:40,0,0,0
29-Jul-22,11:45,0,0,0
29-Jul-22,11:50,0,0,0
29-Jul-22,11:55,0,0,0
29-Jul-22,12:00,0,0,0
29-Jul-22,12:05,0,0,0
29-Jul-22,12:10,0,0,0
29-Jul-22,12:15,0,0,0
29-Jul-22,12:20,0,0,0
29-Jul-22,12:25,0,0,0
29-Jul-22,12:30,0,0,0
29-Jul-22,12:35,0,0,0
29-Jul-22,12:40,0,0,0
29-Jul-22,12:45,0,0,0
29-Jul-22,12:50,0,0,0
29-Jul-22,12:55,0,0,0
29-Jul-22,13:00,0,0,0
29-Jul-22,13:05,0,0,0
29-Jul-22,13:10,0,0,0
29-Jul-22,13:15,0,0,0
29-Jul-22,13:20,0,0,0
29-Jul-22,13:25,0,0,0
29-Jul-22,13:30,0,0,0
29-Jul-22,13:35,0,0,0
29-Jul-22,13:40,0,0,0
29-Jul-22,13:45,0,0,0
29-Jul-22,13:50,0,0,0
29-Jul-22,13:55,0,0,0
29-Jul-22,14:00,0,0,0
29-Jul-22,14:05,0,0,0
29-Jul-22,14:10,0,0,0
29-Jul-22,14:15,0,0,0
29-Jul-22,14:20,0,0,0
29-Jul-22,14:25,0,0,0
29-Jul-22,14:30,0,0,0
29-Jul-22,14:35,0,0,0
29-Jul-22,14:40,0,0,0
29-Jul-22,14:45,0,0,0
29-Jul-22,14:50,0,0,0
29-Jul-22,14:55,0,0,0
29-Jul-22,15:00,0,0,0
29-Jul-22,15:05,0,0,0
29-Jul-22,15:10,0,0,0
29-Jul-22,15:15,0,0,0
29-Jul-22,15:20,0,0,0
29-Jul-22,15:25,0,0,0
29-Jul-22,15:30,0,0,0
29-Jul-22,15:35,0,0,0
29-Jul-22,15:40,0,0,0
29-Jul-22,15:45,0,0,0
29-Jul-22,15:50,0,0,0
29-Jul-22,15:55,0,0,0
29-Jul-22,16:00,0,0,0
29-Jul-22,16:05,0,0,0
29-Jul-22,16:10,0,0,0
29-Jul-22,16:15,0,0,0
29-Jul-22,16:20,0,0,0
29-Jul-22,16:25,0,0,0
29-Jul-22,16:30,0,0,0
29-Jul-22,16:35,0,0,0
29-Jul-22,16:40,0,0,0
29-Jul-22,16:45,0,0,0
29-Jul-22,16:50,0,0,0
29-Jul-22,16:55,0,0,0
29-Jul-22,17:00,0,0,0
29-Jul-22,17:05,0,0,0
29-Jul-22,17:10,0,0,0
29-Jul-22,17:15,0,0,0
29-Jul-22,17:20,0,0,0
29-Jul-22,17:25,0,0,0
29-Jul-22,17:30,0,0,0
29-Jul-22,17:35,0,0,0
29-Jul-22,17:40,0,0,0
29-Jul-22,17:45,0,0,0
29-Jul-22,17:50,0,0,0
29-Jul-22,17:55,0,0,0
29-Jul-22,18:00,0,0,0
29-Jul-22,18:05,0,0,0
29-Jul-22,18:10,0,0,0
29-Jul-22,18:15,0,0,0
29-Jul-22,18:20,0,0,0
29-Jul-22,18:25,0,0,0
29-Jul-22,18:30,0,0,0
29-Jul-22,18:35,0,0,0
29-Jul-22,18:40,0,0,0
29-Jul-22,18:45,0,0,0
29-Jul-22,18:50,0,0.1,0.1
29-Jul-22,18:55,0,2,2
29-Jul-22,19:00,0,7.1,7.1
29-Jul-22,19:05,0,16.3,16.3
29-Jul-22,19:10,0.1,27.6,27.6
29-Jul-22,19:15,0.1,36.7,36.8
29-Jul-22,19:20,0.2,42.1,42.3
29-Jul-22,19:25,0.3,43.6,44
29-Jul-22,19:30,0.4,42.1,42.5
29-Jul-22,19:35,2.5,38.7,41.2
29-Jul-22,19:40,15.7,36.2,51.9
29-Jul-22,19:45,50.6,34.4,85
29-Jul-22,19:50,108.1,33.2,141.3
29-Jul-22,19:55,114.4,32.8,147.2
29-Jul-22,20:00,110.8,33.7,144.5
29-Jul-22,20:05,105.6,35.6,141.2
29-Jul-22,20:10,100.7,38.9,139.7
29-Jul-22,20:15,99.1,42.6,141.7
29-Jul-22,20:20,105.4,46.7,152.2
29-Jul-22,20:25,133.9,52,185.8
29-Jul-22,20:30,180.8,57.5,238.3
29-Jul-22,20:35,199.1,62.4,261.5
29-Jul-22,20:40,201.9,65.3,267.2
29-Jul-22,20:45,221.6,64.7,286.2
29-Jul-22,20:50,232.3,61.1,293.5
29-Jul-22,20:55,250,55.7,305.7
29-Jul-22,21:00,264.6,50.2,314.8
29-Jul-22,21:05,275.7,46.1,321.8
29-Jul-22,21:10,277.2,43.5,320.7
29-Jul-22,21:15,276,41.8,317.8
29-Jul-22,21:20,272.7,39.4,312.1
29-Jul-22,21:25,271.3,36.5,307.8
29-Jul-22,21:30,270.6,32.4,303
29-Jul-22,21:35,272.8,27.7,300.5
29-Jul-22,21:40,274.3,23.6,297.8
29-Jul-22,21:45,277.5,20.6,298
29-Jul-22,21:50,285.8,18.4,304.3
29-Jul-22,21:55,298.2,15.7,313.9
29-Jul-22,22:00,312.9,13.2,326.1
29-Jul-22,22:05,327.2,10.6,337.7
29-Jul-22,22:10,334.4,8.2,342.6
29-Jul-22,22:15,325.5,5.8,331.3
29-Jul-22,22:20,311.3,4.2,315.6
29-Jul-22,22:25,304.4,3.1,307.5
29-Jul-22,22:30,287.5,2.3,289.8
29-Jul-22,22:35,260.4,1.6,262.1
29-Jul-22,22:40,239.1,1.2,240.3
29-Jul-22,22:45,219.6,0.9,220.5
29-Jul-22,22:50,204.4,0.6,205
29-Jul-22,22:55,190.2,0.5,190.6
29-Jul-22,23:00,176.5,0.3,176.8
29-Jul-22,23:05,162,0.8,162.8
29-Jul-22,23:10,149.3,2,151.3
29-Jul-22,23:15,139.9,4,143.9
29-Jul-22,23:20,132,5.9,137.9
29-Jul-22,23:25,125.6,6.7,132.3
29-Jul-22,23:30,123,6.6,129.6
29-Jul-22,23:35,121.5,5.7,127.2
29-Jul-22,23:40,118.9,4.6,123.5
29-Jul-22,23:45,114.5,3.2,117.6
29-Jul-22,23:50,109.3,2.3,111.6
29-Jul-22,23:55,103.8,1.7,105.5
30-Jul-22,0:00,96.8,1.3,98.1
30-Jul-22,0:05,89.3,0.9,90.3
30-Jul-22,0:10,81.7,0.7,82.4
30-Jul-22,0:15,74.5,0.5,75
30-Jul-22,0:20,67.8,0.4,68.2
30-Jul-22,0:25,61.5,0.3,61.8
30-Jul-22,0:30,55.3,0.2,55.5
30-Jul-22,0:35,52.4,0.2,52.5
30-Jul-22,0:40,56.4,0.1,56.5
30-Jul-22,0:45,66.5,0.1,66.5
30-Jul-22,0:50,78.8,0.1,78.9
30-Jul-22,0:55,94.4,0,94.5
30-Jul-22,1:00,110,0,110
30-Jul-22,1:05,114,0,114
30-Jul-22,1:10,112.3,0,112.3
30-Jul-22,1:15,124,0,124
30-Jul-22,1:20,233.2,0,233.2
30-Jul-22,1:25,399.1,0,399.1
30-Jul-22,1:30,266.2,0,266.2
30-Jul-22,1:35,102.2,0,102.2
30-Jul-22,1:40,124.1,0,124.1
30-Jul-22,1:45,290,0,290
30-Jul-22,1:50,219.4,0,219.4
30-Jul-22,1:55,150.9,0,150.9
30-Jul-22,2:00,174.7,0,174.7
30-Jul-22,2:05,176.3,0,176.3
30-Jul-22,2:10,154.9,0,154.9
30-Jul-22,2:15,136.9,0,136.9
30-Jul-22,2:20,125.4,0,125.4
30-Jul-22,2:25,119.8,0,119.8
30-Jul-22,2:30,108.5,0,108.5
30-Jul-22,2:35,98.3,0,98.3
30-Jul-22,2:40,91.5,0,91.5
30-Jul-22,2:45,83.9,0,83.9
30-Jul-22,2:50,77.5,0,77.5
30-Jul-22,2:55,71.4,0,71.4
30-Jul-22,3:00,65.5,0,65.5
30-Jul-22,3:05,59.4,0,59.4
30-Jul-22,3:10,53.1,0,53.1
30-Jul-22,3:15,47.3,0,47.3
30-Jul-22,3:20,42.2,0,42.2
30-Jul-22,3:25,37.5,0,37.5
30-Jul-22,3:30,33.5,0,33.5
30-Jul-22,3:35,29.9,0,29.9
30-Jul-22,3:40,26.8,0,26.8
30-Jul-22,3:45,24.1,0,24.1
30-Jul-22,3:50,21.9,0,21.9
30-Jul-22,3:55,19.9,0,19.9
30-Jul-22,4:00,18.3,0,18.3
30-Jul-22,4:05,16.9,0,16.9
30-Jul-22,4:10,15.8,0,15.8
30-Jul-22,4:15,14.7,0,14.7
30-Jul-22,4:20,13.7,0,13.7
30-Jul-22,4:25,12.8,0,12.8
30-Jul-22,4:30,11.9,0,11.9
30-Jul-22,4:35,11,0,11
30-Jul-22,4:40,10.2,0,10.2
30-Jul-22,4:45,9.4,0,9.4
30-Jul-22,4:50,8.6,0,8.6
30-Jul-22,4:55,7.9,0,7.9
30-Jul-22,5:00,7.4,0,7.4
30-Jul-22,5:05,6.9,0,6.9
30-Jul-22,5:10,6.7,0,6.7
30-Jul-22,5:15,6.6,0,6.6
30-Jul-22,5:20,6.7,0,6.7
30-Jul-22,5:25,6.8,0,6.8
30-Jul-22,5:30,6.9,0,6.9
30-Jul-22,5:35,6.9,0,6.9
30-Jul-22,5:40,6.8,0,6.8
30-Jul-22,5:45,6.6,0,6.6
30-Jul-22,5:50,6.3,0,6.3
30-Jul-22,5:55,6,0,6
30-Jul-22,6:00,5.6,0,5.6
30-Jul-22,6:05,5.2,0,5.2
30-Jul-22,6:10,4.9,0,4.9
30-Jul-22,6:15,4.5,0,4.5
30-Jul-22,6:20,4.1,0,4.1
30-Jul-22,6:25,3.8,0,3.8
30-Jul-22,6:30,3.5,0,3.5
30-Jul-22,6:35,3.3,0,3.3
30-Jul-22,6:40,3,0,3
30-Jul-22,6:45,2.8,0,2.8
30-Jul-22,6:50,2.7,0,2.7
30-Jul-22,6:55,2.5,0,2.5
30-Jul-22,7:00,2.4,0,2.4
30-Jul-22,7:05,2.2,0,2.2
30-Jul-22,7:10,2.1,0,2.1
30-Jul-22,7:15,2,0,2
30-Jul-22,7:20,1.9,0,1.9
30-Jul-22,7:25,1.8,0,1.8
30-Jul-22,7:30,1.7,0,1.7
30-Jul-22,7:35,1.6,0,1.6
30-Jul-22,7:40,1.5,0,1.5
30-Jul-22,7:45,1.4,0,1.4
30-Jul-22,7:50,1.3,0,1.3
30-Jul-22,7:55,1.1,0,1.1
30-Jul-22,8:00,1,0,1
30-Jul-22,8:05,0.9,0,0.9
30-Jul-22,8:10,0.7,0,0.7
30-Jul-22,8:15,0.6,0,0.6
30-Jul-22,8:20,0.5,0,0.5
30-Jul-22,8:25,0.4,0,0.4
30-Jul-22,8:30,0.3,0,0.3
30-Jul-22,8:35,0.3,0,0.3
30-Jul-22,8:40,0.3,0,0.3
30-Jul-22,8:45,0.3,0,0.3
30-Jul-22,8:50,0.3,0,0.3
30-Jul-22,8:55,0.3,0,0.3
30-Jul-22,9:00,0.3,0,0.3
30-Jul-22,9:05,0.3,0,0.3
30-Jul-22,9:10,0.4,0,0.4
30-Jul-22,9:15,0.4,0,0.4
30-Jul-22,9:20,0.4,0,0.4
30-Jul-22,9:25,0.4,0,0.4
30-Jul-22,9:30,0.4,0,0.4
30-Jul-22,9:35,0.5,0,0.5
30-Jul-22,9:40,0.7,0,0.7
30-Jul-22,9:45,1,0,1
30-Jul-22,9:50,1.5,0,1.5
30-Jul-22,9:55,2.2,0,2.2
30-Jul-22,10:00,3,0,3
30-Jul-22,10:05,3.7,0,3.7
30-Jul-22,10:10,4.2,0,4.2
30-Jul-22,10:15,4.5,0,4.5
30-Jul-22,10:20,4.6,0,4.6
30-Jul-22,10:25,4.5,0,4.5
30-Jul-22,10:30,4.4,0,4.4
30-Jul-22,10:35,4.2,0,4.2
30-Jul-22,10:40,4,0,4
30-Jul-22,10:45,3.7,0,3.7
30-Jul-22,10:50,3.5,0,3.5
30-Jul-22,10:55,3.3,0,3.3
30-Jul-22,11:00,0,0,0
30-Jul-22,11:05,0,0,0
30-Jul-22,11:10,0,0,0
30-Jul-22,11:15,0,0,0
30-Jul-22,11:20,0,0,0
30-Jul-22,11:25,0,0,0
30-Jul-22,11:30,0,0,0
30-Jul-22,11:35,0,0,0
30-Jul-22,11:40,0,0,0
30-Jul-22,11:45,0,0,0
30-Jul-22,11:50,0,0,0
30-Jul-22,11:55,0,0,0
30-Jul-22,12:00,0,0,0
30-Jul-22,12:05,0,0,0
30-Jul-22,12:10,0,0,0
30-Jul-22,12:15,0,0,0
30-Jul-22,12:20,0,0,0
30-Jul-22,12:25,0,0,0
30-Jul-22,12:30,0,0,0
30-Jul-22,12:35,0,0,0
30-Jul-22,12:40,0,0,0
30-Jul-22,12:45,0,0,0
30-Jul-22,12:50,0,0,0
30-Jul-22,12:55,0,0,0
30-Jul-22,13:00,0,0,0
30-Jul-22,13:05,0,0,0
30-Jul-22,13:10,0,0,0
30-Jul-22,13:15,0,0,0
30-Jul-22,13:20,0,0,0
30-Jul-22,13:25,0,0,0
30-Jul-22,13:30,0,0,0
30-Jul-22,13:35,0,0,0
30-Jul-22,13:40,0,0,0
30-Jul-22,13:45,0,0,0
30-Jul-22,13:50,0,0,0
30-Jul-22,13:55,0,0,0
30-Jul-22,14:00,0,0,0
30-Jul-22,14:05,0,0,0
30-Jul-22,14:10,0,0,0
30-Jul-22,14:15,0,0,0
30-Jul-22,14:20,0,0,0
30-Jul-22,14:25,0,0,0
30-Jul-22,14:30,0,0,0
30-Jul-22,14:35,0,0,0
30-Jul-22,14:40,0,0,0
30-Jul-22,14:45,0,0,0
30-Jul-22,14:50,0,0,0
30-Jul-22,14:55,0,0,0
30-Jul-22,15:00,0,0,0
30-Jul-22,15:05,0,0,0
30-Jul-22,15:10,0,0,0
30-Jul-22,15:15,0,0,0
30-Jul-22,15:20,0,0,0
30-Jul-22,15:25,0,0,0
30-Jul-22,15:30,0,0,0
30-Jul-22,15:35,0,0,0
30-Jul-22,15:40,0,0,0
30-Jul-22,15:45,0,0,0
30-Jul-22,15:50,0,0,0
30-Jul-22,15:55,0,0,0
30-Jul-22,16:00,0,0,0
30-Jul-22,16:05,0,0,0
30-Jul-22,16:10,0,0,0
30-Jul-22,16:15,0,0,0
30-Jul-22,16:20,0,0,0
30-Jul-22,16:25,0,0,0
30-Jul-22,16:30,0,0,0
30-Jul-22,16:35,0,0,0
30-Jul-22,16:40,0,0,0
30-Jul-22,16:45,0,0,0
30-Jul-22,16:50,0,0,0
30-Jul-22,16:55,0,0,0
30-Jul-22,17:00,0,0,0
30-Jul-22,17:05,0,0,0
30-Jul-22,17:10,0,0,0
30-Jul-22,17:15,0,0,0
30-Jul-22,17:20,0,0,0
30-Jul-22,17:25,0,0,0
30-Jul-22,17:30,0,0,0
30-Jul-22,17:35,0,0,0
30-Jul-22,17:40,0,0,0
30-Jul-22,17:45,0,0,0
30-Jul-22,17:50,0,0,0
30-Jul-22,17:55,0,0,0
30-Jul-22,18:00,0,0,0
30-Jul-22,18:05,0,0,0
30-Jul-22,18:10,0,0,0
30-Jul-22,18:15,0,0,0
30-Jul-22,18:20,0,0,0
30-Jul-22,18:25,0,0,0
30-Jul-22,18:30,0,0,0
30-Jul-22,18:35,0,0,0
30-Jul-22,18:40,0,0,0
30-Jul-22,18:45,0,0,0
30-Jul-22,18:50,0,0,0
30-Jul-22,18:55,0,0,0
30-Jul-22,19:00,0,0,0
30-Jul-22,19:05,0,0,0
30-Jul-22,19:10,0,0,0
30-Jul-22,19:15,0,0,0
30-Jul-22,19:20,0,0,0
30-Jul-22,19:25,0,0,0
30-Jul-22,19:30,0,0,0
30-Jul-22,19:35,0,0,0
30-Jul-22,19:40,0,0,0
30-Jul-22,19:45,0,0,0
30-Jul-22,19:50,0,0,0
30-Jul-22,19:55,0,0,0
30-Jul-22,20:00,0,0,0
30-Jul-22,20:05,0,0,0
30-Jul-22,20:10,0,0,0
30-Jul-22,20:15,0,0,0
30-Jul-22,20:20,0,0,0
30-Jul-22,20:25,0,0,0
30-Jul-22,20:30,0,0,0
30-Jul-22,20:35,0,0,0
30-Jul-22,20:40,0,0,0
30-Jul-22,20:45,0,0,0
30-Jul-22,20:50,0,0,0
30-Jul-22,20:55,0,0,0
30-Jul-22,21:00,0,0,0
30-Jul-22,21:05,0,0,0
30-Jul-22,21:10,0,0,0
30-Jul-22,21:15,0,0,0
30-Jul-22,21:20,0,0,0
30-Jul-22,21:25,0,0,0
30-Jul-22,21:30,0,0,0
30-Jul-22,21:35,0,0,0
30-Jul-22,21:40,0,0,0
30-Jul-22,21:45,0,0,0
30-Jul-22,21:50,0,0,0
30-Jul-22,21:55,0,0,0
30-Jul-22,22:00,0,0,0
30-Jul-22,22:05,0,0,0
30-Jul-22,22:10,0,0,0
30-Jul-22,22:15,0,0,0
30-Jul-22,22:20,0,0,0
30-Jul-22,22:25,0,0,0
30-Jul-22,22:30,0,0,0
30-Jul-22,22:35,0,0,0
30-Jul-22,22:40,0,0,0
30-Jul-22,22:45,0,0,0
30-Jul-22,22:50,0,0,0
30-Jul-22,22:55,0,0,0
30-Jul-22,23:00,0,0,0
30-Jul-22,23:05,0,0,0
30-Jul-22,23:10,0,0,0
30-Jul-22,23:15,0,0,0
30-Jul-22,23:20,0,0,0
30-Jul-22,23:25,0,0,0
30-Jul-22,23:30,0,0,0
30-Jul-22,23:35,0,0,0
30-Jul-22,23:40,0,0,0
30-Jul-22,23:45,0,0,0
30-Jul-22,23:50,0,0,0
30-Jul-22,23:55,0,0,0
31-Jul-22,0:00,0,0,0
31-Jul-22,0:05,0,0,0
31-Jul-22,0:10,0,0,0
31-Jul-22,0:15,0,0,0
31-Jul-22,0:20,0,0,0
31-Jul-22,0:25,0,0,0
31-Jul-22,0:30,0,0,0
31-Jul-22,0:35,0,0,0
31-Jul-22,0:40,0,0,0
31-Jul-22,0:45,0,0,0
31-Jul-22,0:50,0,0,0
31-Jul-22,0:55,0,0,0
31-Jul-22,1:00,0,0,0
31-Jul-22,1:05,0,0,0
31-Jul-22,1:10,0,0,0
31-Jul-22,1:15,0,0,0
31-Jul-22,1:20,0,0,0
31-Jul-22,1:25,0,0,0
31-Jul-22,1:30,0,0,0
31-Jul-22,1:35,0,0,0
31-Jul-22,1:40,0,0,0
31-Jul-22,1:45,0,0,0
31-Jul-22,1:50,0,0,0
31-Jul-22,1:55,0,0,0
31-Jul-22,2:00,0,0,0
31-Jul-22,2:05,0,0,0
31-Jul-22,2:10,0,0,0
31-Jul-22,2:15,0,0,0
31-Jul-22,2:20,0,0,0
31-Jul-22,2:25,0,0,0
31-Jul-22,2:30,0,0,0
31-Jul-22,2:35,0,0,0
31-Jul-22,2:40,0,0,0
31-Jul-22,2:45,0,0,0
31-Jul-22,2:50,0,0,0
31-Jul-22,2:55,0,0,0
31-Jul-22,3:00,0,0,0
31-Jul-22,3:05,0,0,0
31-Jul-22,3:10,0,0,0
31-Jul-22,3:15,0,0,0
31-Jul-22,3:20,0,0,0
31-Jul-22,3:25,0,0,0
31-Jul-22,3:30,0,0,0
31-Jul-22,3:35,0,0,0
31-Jul-22,3:40,0,0,0
31-Jul-22,3:45,0,0,0
31-Jul-22,3:50,0,0,0
31-Jul-22,3:55,0,0,0
31-Jul-22,4:00,0,0,0
31-Jul-22,4:05,0,0,0
31-Jul-22,4:10,0,0,0
31-Jul-22,4:15,0,0,0
31-Jul-22,4:20,0,0,0
31-Jul-22,4:25,0,0,0
31-Jul-22,4:30,0,0,0
31-Jul-22,4:35,0,0,0
31-Jul-22,4:40,0,0,0
31-Jul-22,4:45,0,0,0
31-Jul-22,4:50,0,0,0
31-Jul-22,4:55,0,0,0
31-Jul-22,5:00,0,0,0
31-Jul-22,5:05,0,0,0
31-Jul-22,5:10,0,0,0
31-Jul-22,5:15,0,0,0
31-Jul-22,5:20,0,0,0
31-Jul-22,5:25,0,0,0
31-Jul-22,5:30,0,0,0
31-Jul-22,5:35,0,0,0
31-Jul-22,5:40,0,0,0
31-Jul-22,5:45,0,0,0
31-Jul-22,5:50,0,0,0
31-Jul-22,5:55,0,0,0
31-Jul-22,6:00,0,0,0
31-Jul-22,6:05,0,0,0
31-Jul-22,6:10,0,0,0
31-Jul-22,6:15,0,0,0
31-Jul-22,6:20,0,0,0
31-Jul-22,6:25,0,0,0
31-Jul-22,6:30,0,0,0
31-Jul-22,6:35,0,0,0
31-Jul-22,6:40,0,0,0
31-Jul-22,6:45,0,0,0
31-Jul-22,6:50,0,0,0
31-Jul-22,6:55,0,0,0
31-Jul-22,7:00,0,0,0
31-Jul-22,7:05,0,0,0
31-Jul-22,7:10,0,0,0
31-Jul-22,7:15,0,0,0
31-Jul-22,7:20,0,0,0
31-Jul-22,7:25,0,0,0
31-Jul-22,7:30,0,0,0
31-Jul-22,7:35,0,0,0
31-Jul-22,7:40,0,0,0
31-Jul-22,7:45,0,0,0
31-Jul-22,7:50,0,0,0
31-Jul-22,7:55,0,0,0
31-Jul-22,8:00,0,0,0
31-Jul-22,8:05,0,0,0
31-Jul-22,8:10,0,0,0
31-Jul-22,8:15,0,0,0
31-Jul-22,8:20,0,0,0
31-Jul-22,8:25,0,0,0
31-Jul-22,8:30,0,0,0
31-Jul-22,8:35,0,0,0
31-Jul-22,8:40,0,0,0
31-Jul-22,8:45,0,0,0
31-Jul-22,8:50,0,0,0
31-Jul-22,8:55,0,0,0
31-Jul-22,9:00,0,0,0
31-Jul-22,9:05,0,0,0
31-Jul-22,9:10,0,0,0
31-Jul-22,9:15,0,0,0
31-Jul-22,9:20,0,0,0
31-Jul-22,9:25,0,0,0
31-Jul-22,9:30,0,0,0
31-Jul-22,9:35,0,0,0
31-Jul-22,9:40,0,0,0
31-Jul-22,9:45,0,0,0
31-Jul-22,9:50,0,0,0
31-Jul-22,9:55,0,0,0
31-Jul-22,10:00,0,0,0
31-Jul-22,10:05,0,0,0
31-Jul-22,10:10,0,0,0
31-Jul-22,10:15,0,0,0
31-Jul-22,10:20,0,0,0
31-Jul-22,10:25,0,0,0
31-Jul-22,10:30,0,0,0
31-Jul-22,10:35,0,0,0
31-Jul-22,10:40,0,0,0
31-Jul-22,10:45,0,0,0
31-Jul-22,10:50,0,0,0
31-Jul-22,10:55,0,0,0
31-Jul-22,11:00,0,0,0
31-Jul-22,11:05,0,0,0
31-Jul-22,11:10,0,0,0
31-Jul-22,11:15,0,0,0
31-Jul-22,11:20,0,0,0
31-Jul-22,11:25,0,0,0
31-Jul-22,11:30,0,0,0
31-Jul-22,11:35,0,0,0
31-Jul-22,11:40,0,0,0
31-Jul-22,11:45,0,0,0
31-Jul-22,11:50,0,0,0
31-Jul-22,11:55,0,0,0
31-Jul-22,12:00,0,0,0
31-Jul-22,12:05,0,0,0
31-Jul-22,12:10,0,0,0
31-Jul-22,12:15,0,0,0
31-Jul-22,12:20,0,0,0
31-Jul-22,12:25,0,0,0
31-Jul-22,12:30,0,0,0
31-Jul-22,12:35,0,0,0
31-Jul-22,12:40,0,0,0
31-Jul-22,12:45,0,0,0
31-Jul-22,12:50,0,0,0
31-Jul-22,12:55,0,0,0
31-Jul-22,13:00,0,0,0
31-Jul-22,13:05,0,0,0
31-Jul-22,13:10,0,0,0
31-Jul-22,13:15,0,0,0
31-Jul-22,13:20,0,0,0
31-Jul-22,13:25,0,0,0
31-Jul-22,13:30,0,0,0
31-Jul-22,13:35,0,0,0
31-Jul-22,13:40,0,0,0
31-Jul-22,13:45,0,0,0
31-Jul-22,13:50,0,0,0
31-Jul-22,13:55,0,0,0
31-Jul-22,14:00,0,0,0
31-Jul-22,14:05,0,0,0
31-Jul-22,14:10,0,0,0
31-Jul-22,14:15,0,0,0
31-Jul-22,14:20,0,0,0
31-Jul-22,14:25,0,0,0
31-Jul-22,14:30,0,0,0
31-Jul-22,14:35,0,0,0
31-Jul-22,14:40,0,0,0
31-Jul-22,14:45,0,0,0
31-Jul-22,14:50,0,0,0
31-Jul-22,14:55,0,0,0
31-Jul-22,15:00,0,0,0
31-Jul-22,15:05,0,0,0
31-Jul-22,15:10,0,0,0
31-Jul-22,15:15,0,0,0
31-Jul-22,15:20,0,0,0
31-Jul-22,15:25,0,0,0
31-Jul-22,15:30,0,0,0
31-Jul-22,15:35,0,0,0
31-Jul-22,15:40,0,0,0
31-Jul-22,15:45,0,0,0
31-Jul-22,15:50,0,0,0
31-Jul-22,15:55,0,0,0
31-Jul-22,16:00,0,0,0
31-Jul-22,16:05,0,0,0
31-Jul-22,16:10,0,0,0
31-Jul-22,16:15,0,0,0
31-Jul-22,16:20,0,0,0
31-Jul-22,16:25,0,0,0
31-Jul-22,16:30,0,0,0
31-Jul-22,16:35,0,0,0
31-Jul-22,16:40,0,0,0
31-Jul-22,16:45,0,0,0
31-Jul-22,16:50,0,0,0
31-Jul-22,16:55,0,0,0
31-Jul-22,17:00,0,0,0
31-Jul-22,17:05,0,0,0
31-Jul-22,17:10,0,0,0
31-Jul-22,17:15,0,0,0
31-Jul-22,17:20,0,0,0
31-Jul-22,17:25,0,0,0
31-Jul-22,17:30,0,0,0
31-Jul-22,17:35,0,0,0
31-Jul-22,17:40,0,0,0
31-Jul-22,17:45,0,0,0
31-Jul-22,17:50,0,0,0
31-Jul-22,17:55,0,0,0
31-Jul-22,18:00,0,0,0
31-Jul-22,18:05,0,0,0
31-Jul-22,18:10,0,0,0
31-Jul-22,18:15,0,0,0
31-Jul-22,18:20,0,0,0
31-Jul-22,18:25,0,0,0
31-Jul-22,18:30,0,0,0
31-Jul-22,18:35,0,0,0
31-Jul-22,18:40,0,0,0
31-Jul-22,18:45,0,0,0
31-Jul-22,18:50,0,0,0
31-Jul-22,18:55,0,0,0
31-Jul-22,19:00,0,0,0
31-Jul-22,19:05,0,0,0
31-Jul-22,19:10,0,0,0
31-Jul-22,19:15,0,0,0
31-Jul-22,19:20,0,0,0
31-Jul-22,19:25,0,0,0
31-Jul-22,19:30,0,0,0
31-Jul-22,19:35,0,0,0
31-Jul-22,19:40,0,0,0
31-Jul-22,19:45,0,0,0
31-Jul-22,19:50,0,0,0
31-Jul-22,19:55,0,0,0
31-Jul-22,20:00,0,0,0
31-Jul-22,20:05,0,0,0
31-Jul-22,20:10,0,0,0
31-Jul-22,20:15,0,0,0
31-Jul-22,20:20,0,0,0
31-Jul-22,20:25,0,0,0
31-Jul-22,20:30,0,0,0
31-Jul-22,20:35,0,0,0
31-Jul-22,20:40,0,0,0
31-Jul-22,20:45,0,0,0
31-Jul-22,20:50,0,0,0
31-Jul-22,20:55,0,0,0
31-Jul-22,21:00,0,0,0
31-Jul-22,21:05,0,0,0
31-Jul-22,21:10,0,0,0
31-Jul-22,21:15,0,0,0
31-Jul-22,21:20,0,0,0
31-Jul-22,21:25,0,0,0
31-Jul-22,21:30,0,0,0
31-Jul-22,21:35,0,0,0
31-Jul-22,21:40,0,0,0
31-Jul-22,21:45,0,0,0
31-Jul-22,21:50,0,0,0
31-Jul-22,21:55,0,0,0
31-Jul-22,22:00,0,0,0
31-Jul-22,22:05,0,0,0
31-Jul-22,22:10,0,0,0
31-Jul-22,22:15,0,0,0
31-Jul-22,22:20,0,0,0
31-Jul-22,22:25,0,0,0
31-Jul-22,22:30,0.1,0,0.1
31-Jul-22,22:35,0.1,0,0.1
31-Jul-22,22:40,0.1,0,0.1
31-Jul-22,22:45,0.2,0,0.2
31-Jul-22,22:50,0.2,0,0.2
31-Jul-22,22:55,0.2,0,0.2
31-Jul-22,23:00,0.3,0,0.3
31-Jul-22,23:05,0.3,0,0.3
31-Jul-22,23:10,0.3,0,0.3
31-Jul-22,23:15,0.3,0,0.3
31-Jul-22,23:20,0.3,0,0.3
31-Jul-22,23:25,0.4,0,0.4
31-Jul-22,23:30,0.4,0,0.4
31-Jul-22,23:35,0.4,0,0.4
31-Jul-22,23:40,0.4,0,0.4
31-Jul-22,23:45,0.5,0,0.5
31-Jul-22,23:50,0.6,0,0.6
31-Jul-22,23:55,0.6,0,0.6
1-Aug-22,0:00,0.7,0,0.7
1-Aug-22,0:05,0.8,0,0.8
1-Aug-22,0:10,0.9,0,0.9
1-Aug-22,0:15,0.9,0,0.9
1-Aug-22,0:20,1,0,1
1-Aug-22,0:25,1,0,1
1-Aug-22,0:30,1,0,1
1-Aug-22,0:35,1,0,1
1-Aug-22,0:40,1,0,1
1-Aug-22,0:45,1,0,1
1-Aug-22,0:50,1,0,1
1-Aug-22,0:55,1.1,0,1.1
1-Aug-22,1:00,1.3,0,1.3
1-Aug-22,1:05,1.8,0,1.8
1-Aug-22,1:10,2.6,0,2.6
1-Aug-22,1:15,3.5,0,3.5
1-Aug-22,1:20,4.5,0,4.5
1-Aug-22,1:25,5.3,0,5.3
1-Aug-22,1:30,5.9,0,5.9
1-Aug-22,1:35,6.2,0,6.2
1-Aug-22,1:40,6.3,0,6.3
1-Aug-22,1:45,6.2,0,6.2
1-Aug-22,1:50,6,0,6
1-Aug-22,1:55,5.8,0,5.8
1-Aug-22,2:00,5.4,0,5.4
1-Aug-22,2:05,5.1,0,5.1
1-Aug-22,2:10,4.7,0,4.7
1-Aug-22,2:15,4.3,0,4.3
1-Aug-22,2:20,3.9,0,3.9
1-Aug-22,2:25,3.5,0,3.5
1-Aug-22,2:30,3.2,0,3.2
1-Aug-22,2:35,2.9,0,2.9
1-Aug-22,2:40,2.6,0,2.6
1-Aug-22,2:45,2.3,0,2.3
1-Aug-22,2:50,2,0,2
1-Aug-22,2:55,1.8,0,1.8
1-Aug-22,3:00,1.6,0,1.6
1-Aug-22,3:05,1.3,0,1.3
1-Aug-22,3:10,1.1,0,1.1
1-Aug-22,3:15,0.9,0,0.9
1-Aug-22,3:20,0.7,0,0.7
1-Aug-22,3:25,0.4,0,0.4
1-Aug-22,3:30,0.2,0,0.2
1-Aug-22,3:35,0.1,0,0.1
1-Aug-22,3:40,0.1,0,0.1
1-Aug-22,3:45,0.1,0,0.1
1-Aug-22,3:50,0.1,0,0.1
1-Aug-22,3:55,0.1,0,0.1
1-Aug-22,4:00,0.1,0,0.1
1-Aug-22,4:05,0.1,0,0.1
1-Aug-22,4:10,0.2,0,0.2
1-Aug-22,4:15,0.2,0,0.2
1-Aug-22,4:20,0.2,0,0.2
1-Aug-22,4:25,0.2,0,0.2
1-Aug-22,4:30,0.3,0,0.3
1-Aug-22,4:35,0.3,0,0.3
1-Aug-22,4:40,0.3,0,0.3
1-Aug-22,4:45,0.3,0,0.3
1-Aug-22,4:50,0.3,0,0.3
1-Aug-22,4:55,0.3,0,0.3
1-Aug-22,5:00,0.4,0,0.4
1-Aug-22,5:05,0.4,0,0.4
1-Aug-22,5:10,0.4,0,0.4
1-Aug-22,5:15,0.4,0,0.4
1-Aug-22,5:20,0.4,0,0.4
1-Aug-22,5:25,0.5,0,0.5
1-Aug-22,5:30,0.6,0,0.6
1-Aug-22,5:35,0.8,0,0.8
1-Aug-22,5:40,1,0,1
1-Aug-22,5:45,1.2,0,1.2
1-Aug-22,5:50,1.4,0,1.4
1-Aug-22,5:55,1.5,0,1.5
1-Aug-22,6:00,1.6,0,1.6
1-Aug-22,6:05,1.7,0,1.7
1-Aug-22,6:10,1.7,0,1.7
1-Aug-22,6:15,1.6,0,1.6
1-Aug-22,6:20,1.5,0,1.5
1-Aug-22,6:25,1.4,0,1.4
1-Aug-22,6:30,1.3,0,1.3
1-Aug-22,6:35,1.2,0,1.2
1-Aug-22,6:40,1,0,1
1-Aug-22,6:45,0.8,0,0.8
1-Aug-22,6:50,0.6,0,0.6
1-Aug-22,6:55,0.3,0,0.3
1-Aug-22,7:00,0.2,0,0.2
1-Aug-22,7:05,0.1,0,0.1
1-Aug-22,7:10,0,0,0
1-Aug-22,7:15,0,0,0
1-Aug-22,7:20,0,0,0
1-Aug-22,7:25,0,0,0
1-Aug-22,7:30,0,0,0
1-Aug-22,7:35,0,0,0
1-Aug-22,7:40,0,0,0
1-Aug-22,7:45,0,0,0
1-Aug-22,7:50,0,0,0
1-Aug-22,7:55,0,0,0
1-Aug-22,8:00,0,0,0
1-Aug-22,8:05,0,0,0
1-Aug-22,8:10,0,0,0
1-Aug-22,8:15,0,0,0
1-Aug-22,8:20,0,0,0
1-Aug-22,8:25,0,0,0
1-Aug-22,8:30,0,0,0
1-Aug-22,8:35,0,0,0
1-Aug-22,8:40,0,0,0
1-Aug-22,8:45,0,0,0
1-Aug-22,8:50,0,0,0
1-Aug-22,8:55,0,0,0
1-Aug-22,9:00,0,0,0
1-Aug-22,9:05,0,0,0
1-Aug-22,9:10,0,0,0
1-Aug-22,9:15,0,0,0
1-Aug-22,9:20,0,0,0
1-Aug-22,9:25,0,0,0
1-Aug-22,9:30,0,0,0
1-Aug-22,9:35,0,0,0
1-Aug-22,9:40,0,0,0
1-Aug-22,9:45,0,0,0
1-Aug-22,9:50,0,0,0
1-Aug-22,9:55,0,0,0
1-Aug-22,10:00,0,0,0
1-Aug-22,10:05,0,0,0
1-Aug-22,10:10,0,0,0
1-Aug-22,10:15,0,0,0
1-Aug-22,10:20,0,0,0
1-Aug-22,10:25,0,0,0
1-Aug-22,10:30,0,0,0
1-Aug-22,10:35,0,0,0
1-Aug-22,10:40,0,0,0
1-Aug-22,10:45,0,0,0
1-Aug-22,10:50,0,0,0
1-Aug-22,10:55,0,0,0
1-Aug-22,11:00,0,0,0
1-Aug-22,11:05,0,0,0
1-Aug-22,11:10,0,0,0
1-Aug-22,11:15,0,0,0
1-Aug-22,11:20,0,0,0
1-Aug-22,11:25,0,0,0
1-Aug-22,11:30,0,0,0
1-Aug-22,11:35,0,0,0
1-Aug-22,11:40,0,0,0
1-Aug-22,11:45,0,0,0
1-Aug-22,11:50,0,0,0
1-Aug-22,11:55,0,0,0
1-Aug-22,12:00,0,0,0
1-Aug-22,12:05,0,0,0
1-Aug-22,12:10,0,0,0
1-Aug-22,12:15,0,0,0
1-Aug-22,12:20,0,0,0
1-Aug-22,12:25,0,0,0
1-Aug-22,12:30,0,0,0
1-Aug-22,12:35,0,0,0
1-Aug-22,12:40,0,0,0
1-Aug-22,12:45,0,0,0
1-Aug-22,12:50,0,0,0
1-Aug-22,12:55,0,0,0
1-Aug-22,13:00,0,0,0
1-Aug-22,13:05,0,0,0
1-Aug-22,13:10,0,0,0
1-Aug-22,13:15,0,0,0
1-Aug-22,13:20,0,0,0
1-Aug-22,13:25,0,0,0
1-Aug-22,13:30,0,0,0
1-Aug-22,13:35,0,0,0
1-Aug-22,13:40,0,0,0
1-Aug-22,13:45,0,0,0
1-Aug-22,13:50,0,0,0
1-Aug-22,13:55,0,0,0
1-Aug-22,14:00,0,0,0
1-Aug-22,14:05,0,0,0
1-Aug-22,14:10,0,0,0
1-Aug-22,14:15,0,0,0
1-Aug-22,14:20,0,0,0
1-Aug-22,14:25,0.1,0,0.1
1-Aug-22,14:30,0.1,0,0.1
1-Aug-22,14:35,0.1,0,0.1
1-Aug-22,14:40,0.1,0,0.1
1-Aug-22,14:45,0.1,0,0.1
1-Aug-22,14:50,0.1,0,0.1
1-Aug-22,14:55,0.1,0,0.1
1-Aug-22,15:00,0.2,0,0.2
1-Aug-22,15:05,0.2,0,0.2
1-Aug-22,15:10,0.2,0,0.2
1-Aug-22,15:15,0.2,0,0.2
1-Aug-22,15:20,0.2,0,0.2
1-Aug-22,15:25,0.3,0,0.3
1-Aug-22,15:30,0.3,0,0.3
1-Aug-22,15:35,0.3,0,0.3
1-Aug-22,15:40,0.3,0,0.3
1-Aug-22,15:45,0.3,0,0.3
1-Aug-22,15:50,0.4,0,0.4
1-Aug-22,15:55,0.4,0,0.4
1-Aug-22,16:00,0.4,0,0.4
1-Aug-22,16:05,0.4,0,0.4
1-Aug-22,16:10,0.5,0,0.5
1-Aug-22,16:15,0.6,0,0.6
1-Aug-22,16:20,0.7,0,0.7
1-Aug-22,16:25,0.9,0,0.9
1-Aug-22,16:30,1,0,1
1-Aug-22,16:35,1,0,1
1-Aug-22,16:40,1.1,0,1.1
1-Aug-22,16:45,1.1,0,1.1
1-Aug-22,16:50,1,0,1
1-Aug-22,16:55,1,0,1
1-Aug-22,17:00,0.9,0,0.9
1-Aug-22,17:05,0.8,0,0.8
1-Aug-22,17:10,0.7,0,0.7
1-Aug-22,17:15,0.5,0,0.5
1-Aug-22,17:20,0.3,0,0.3
1-Aug-22,17:25,0.2,0,0.2
1-Aug-22,17:30,0.1,0,0.1
1-Aug-22,17:35,0.1,0,0.1
1-Aug-22,17:40,0,0,0
1-Aug-22,17:45,0,0,0
1-Aug-22,17:50,0,0,0
1-Aug-22,17:55,0,0,0
1-Aug-22,18:00,0,0,0
1-Aug-22,18:05,0,0,0
1-Aug-22,18:10,0,0,0
1-Aug-22,18:15,0,0,0
1-Aug-22,18:20,0,0,0
1-Aug-22,18:25,0,0,0
1-Aug-22,18:30,0,0,0
1-Aug-22,18:35,0,0,0
1-Aug-22,18:40,0,0,0
1-Aug-22,18:45,0,0,0
1-Aug-22,18:50,0,0,0
1-Aug-22,18:55,0,0,0
1-Aug-22,19:00,0,0,0
1-Aug-22,19:05,0,0,0
1-Aug-22,19:10,0,0,0
1-Aug-22,19:15,0,0,0
1-Aug-22,19:20,0,0,0
1-Aug-22,19:25,0,0,0
1-Aug-22,19:30,0,0,0
1-Aug-22,19:35,0,0,0
1-Aug-22,19:40,0,0,0
1-Aug-22,19:45,0,0,0
1-Aug-22,19:50,0,0,0
1-Aug-22,19:55,0,0,0
1-Aug-22,20:00,0,0,0
1-Aug-22,20:05,0,0,0
1-Aug-22,20:10,0,0,0
1-Aug-22,20:15,0,0,0
1-Aug-22,20:20,0,0,0
1-Aug-22,20:25,0.1,0,0.1
1-Aug-22,20:30,0.1,0,0.1
1-Aug-22,20:35,0.1,0,0.1
1-Aug-22,20:40,0.2,0,0.2
1-Aug-22,20:45,0.2,0,0.2
1-Aug-22,20:50,0.2,0,0.2
1-Aug-22,20:55,0.3,0,0.3
1-Aug-22,21:00,0.3,0,0.3
1-Aug-22,21:05,0.3,0,0.3
1-Aug-22,21:10,0.3,0,0.3
1-Aug-22,21:15,0.3,0,0.3
1-Aug-22,21:20,0.4,0,0.4
1-Aug-22,21:25,0.4,0,0.4
1-Aug-22,21:30,0.4,0,0.4
1-Aug-22,21:35,0.4,0,0.4
1-Aug-22,21:40,0.5,0,0.5
1-Aug-22,21:45,0.5,0,0.5
1-Aug-22,21:50,0.6,0,0.6
1-Aug-22,21:55,0.6,0,0.6
1-Aug-22,22:00,0.7,0,0.7
1-Aug-22,22:05,0.7,0,0.7
1-Aug-22,22:10,0.7,0,0.7
1-Aug-22,22:15,0.7,0,0.7
1-Aug-22,22:20,0.6,0,0.6
1-Aug-22,22:25,0.5,0,0.5
1-Aug-22,22:30,0.3,0,0.3
1-Aug-22,22:35,0.2,0,0.2
1-Aug-22,22:40,0.1,0,0.1
1-Aug-22,22:45,0.1,0,0.1
1-Aug-22,22:50,0.1,0,0.1
1-Aug-22,22:55,0,0,0
1-Aug-22,23:00,0,0,0
1-Aug-22,23:05,0,0,0
1-Aug-22,23:10,0,0,0
1-Aug-22,23:15,0,0,0
1-Aug-22,23:20,0,0,0
1-Aug-22,23:25,0,0,0
1-Aug-22,23:30,0,0,0
1-Aug-22,23:35,0,0,0
1-Aug-22,23:40,0,0,0
1-Aug-22,23:45,0,0,0
1-Aug-22,23:50,0,0,0
1-Aug-22,23:55,0,0,0
2-Aug-22,0:00,0,0,0
2-Aug-22,0:05,0,0,0
2-Aug-22,0:10,0,0,0
2-Aug-22,0:15,0,0,0
2-Aug-22,0:20,0,0,0
2-Aug-22,0:25,0,0,0
2-Aug-22,0:30,0,0,0
2-Aug-22,0:35,0,0,0
2-Aug-22,0:40,0,0,0
2-Aug-22,0:45,0,0,0
2-Aug-22,0:50,0,0,0
2-Aug-22,0:55,0,0,0
2-Aug-22,1:00,0,0,0
2-Aug-22,1:05,0,0,0
2-Aug-22,1:10,0,0,0
2-Aug-22,1:15,0,0,0
2-Aug-22,1:20,0,0,0
2-Aug-22,1:25,0,0,0
2-Aug-22,1:30,0,0,0
2-Aug-22,1:35,0,0,0
2-Aug-22,1:40,0,0,0
2-Aug-22,1:45,0,0,0
2-Aug-22,1:50,0,0,0
2-Aug-22,1:55,0,0,0
2-Aug-22,2:00,0,0,0
2-Aug-22,2:05,0,0,0
2-Aug-22,2:10,0,0,0
2-Aug-22,2:15,0,0,0
2-Aug-22,2:20,0,0,0
2-Aug-22,2:25,0,0,0
2-Aug-22,2:30,0,0,0
2-Aug-22,2:35,0,0,0
2-Aug-22,2:40,0,0,0
2-Aug-22,2:45,0,0,0
2-Aug-22,2:50,0,0,0
2-Aug-22,2:55,0,0,0
2-Aug-22,3:00,0,0,0
2-Aug-22,3:05,0,0,0
2-Aug-22,3:10,0,0,0
2-Aug-22,3:15,0,0,0
2-Aug-22,3:20,0,0,0
2-Aug-22,3:25,0,0,0
2-Aug-22,3:30,0,0,0
2-Aug-22,3:35,0,0,0
2-Aug-22,3:40,0,0,0
2-Aug-22,3:45,0,0,0
2-Aug-22,3:50,0,0,0
2-Aug-22,3:55,0,0,0
2-Aug-22,4:00,0,0,0
2-Aug-22,4:05,0,0,0
2-Aug-22,4:10,0,0,0
2-Aug-22,4:15,0,0,0
2-Aug-22,4:20,0,0,0
2-Aug-22,4:25,0,0,0
2-Aug-22,4:30,0,0,0
2-Aug-22,4:35,0,0,0
2-Aug-22,4:40,0,0,0
2-Aug-22,4:45,0,0,0
2-Aug-22,4:50,0,0,0
2-Aug-22,4:55,0,0,0
2-Aug-22,5:00,0,0,0
2-Aug-22,5:05,0,0,0
2-Aug-22,5:10,0,0,0
2-Aug-22,5:15,0,0,0
2-Aug-22,5:20,0,0,0
2-Aug-22,5:25,0,0,0
2-Aug-22,5:30,0,0,0
2-Aug-22,5:35,0,0,0
2-Aug-22,5:40,0,0,0
2-Aug-22,5:45,0,0,0
2-Aug-22,5:50,0,0,0
2-Aug-22,5:55,0,0,0
2-Aug-22,6:00,0,0,0
2-Aug-22,6:05,0,0,0
2-Aug-22,6:10,0,0,0
2-Aug-22,6:15,0,0,0
2-Aug-22,6:20,0,0,0
2-Aug-22,6:25,0,0,0
2-Aug-22,6:30,0,0,0
2-Aug-22,6:35,0,0,0
2-Aug-22,6:40,0,0,0
2-Aug-22,6:45,0,0,0
2-Aug-22,6:50,0,0,0
2-Aug-22,6:55,0,0,0
2-Aug-22,7:00,0,0,0
2-Aug-22,7:05,0,0,0
2-Aug-22,7:10,0,0,0
2-Aug-22,7:15,0,0,0
2-Aug-22,7:20,0,0,0
2-Aug-22,7:25,0,0,0
2-Aug-22,7:30,0,0,0
2-Aug-22,7:35,0,0,0
2-Aug-22,7:40,0,0,0
2-Aug-22,7:45,0,0,0
2-Aug-22,7:50,0,0,0
2-Aug-22,7:55,0,0,0
2-Aug-22,8:00,0,0,0
2-Aug-22,8:05,0,0,0
2-Aug-22,8:10,0,0,0
2-Aug-22,8:15,0,0,0
2-Aug-22,8:20,0,0,0
2-Aug-22,8:25,0,0,0
2-Aug-22,8:30,0,0,0
2-Aug-22,8:35,0,0,0
2-Aug-22,8:40,0,0,0
2-Aug-22,8:45,0,0,0
2-Aug-22,8:50,0,0,0
2-Aug-22,8:55,0,0,0
2-Aug-22,9:00,0,0,0
2-Aug-22,9:05,0,0,0
2-Aug-22,9:10,0,0,0
2-Aug-22,9:15,0,0,0
2-Aug-22,9:20,0,0,0
2-Aug-22,9:25,0,0,0
2-Aug-22,9:30,0,0,0
2-Aug-22,9:35,0,0,0
2-Aug-22,9:40,0,0,0
2-Aug-22,9:45,0,0,0
2-Aug-22,9:50,0,0,0
2-Aug-22,9:55,0,0,0
2-Aug-22,10:00,0,0,0
2-Aug-22,10:05,0,0,0
2-Aug-22,10:10,0,0,0
2-Aug-22,10:15,0,0,0
2-Aug-22,10:20,0,0,0
2-Aug-22,10:25,0,0,0
2-Aug-22,10:30,0,0,0
2-Aug-22,10:35,0,0,0
2-Aug-22,10:40,0,0,0
2-Aug-22,10:45,0,0,0
2-Aug-22,10:50,0,0,0
2-Aug-22,10:55,0,0,0
2-Aug-22,11:00,0,0,0
2-Aug-22,11:05,0,0,0
2-Aug-22,11:10,0,0,0
2-Aug-22,11:15,0,0,0
2-Aug-22,11:20,0,0,0
2-Aug-22,11:25,0,0,0
2-Aug-22,11:30,0,0,0
2-Aug-22,11:35,0,0,0
2-Aug-22,11:40,0,0,0
2-Aug-22,11:45,0,0,0
2-Aug-22,11:50,0,0,0
2-Aug-22,11:55,0,0,0
2-Aug-22,12:00,0,0,0
2-Aug-22,12:05,0,0,0
2-Aug-22,12:10,0,0,0
2-Aug-22,12:15,0,0,0
2-Aug-22,12:20,0,0,0
2-Aug-22,12:25,0,0,0
2-Aug-22,12:30,0,0,0
2-Aug-22,12:35,0,0,0
2-Aug-22,12:40,0,0,0
2-Aug-22,12:45,0,0,0
2-Aug-22,12:50,0,0,0
2-Aug-22,12:55,0,0,0
2-Aug-22,13:00,0,0,0
2-Aug-22,13:05,0,0,0
2-Aug-22,13:10,0,0,0
2-Aug-22,13:15,0,0,0
2-Aug-22,13:20,0,0,0
2-Aug-22,13:25,0,0,0
2-Aug-22,13:30,0,0,0
2-Aug-22,13:35,0,0,0
2-Aug-22,13:40,0,0,0
2-Aug-22,13:45,0,0,0
2-Aug-22,13:50,0,0,0
2-Aug-22,13:55,0,0,0
2-Aug-22,14:00,0,0,0
2-Aug-22,14:05,0,0,0
2-Aug-22,14:10,0,0,0
2-Aug-22,14:15,0,0,0
2-Aug-22,14:20,0,0,0
2-Aug-22,14:25,0,0,0
2-Aug-22,14:30,0,0,0
2-Aug-22,14:35,0,0,0
2-Aug-22,14:40,0,0,0
2-Aug-22,14:45,0,0,0
2-Aug-22,14:50,0,0,0
2-Aug-22,14:55,0,0,0
2-Aug-22,15:00,0,0,0
2-Aug-22,15:05,0,0,0
2-Aug-22,15:10,0,0,0
2-Aug-22,15:15,0,0,0
2-Aug-22,15:20,0,0,0
2-Aug-22,15:25,0,0,0
2-Aug-22,15:30,0,0,0
2-Aug-22,15:35,0,0,0
2-Aug-22,15:40,0,0,0
2-Aug-22,15:45,0,0,0
2-Aug-22,15:50,0,0,0
2-Aug-22,15:55,0,0,0
2-Aug-22,16:00,0,0,0
2-Aug-22,16:05,0,0,0
2-Aug-22,16:10,0,0,0
2-Aug-22,16:15,0,0,0
2-Aug-22,16:20,0,0,0
2-Aug-22,16:25,0,0,0
2-Aug-22,16:30,0,0,0
2-Aug-22,16:35,0,0,0
2-Aug-22,16:40,0,0,0
2-Aug-22,16:45,0,0,0
2-Aug-22,16:50,0,0,0
2-Aug-22,16:55,0,0,0
2-Aug-22,17:00,0,0,0
2-Aug-22,17:05,0,0,0
2-Aug-22,17:10,0,0,0
2-Aug-22,17:15,0,0,0
2-Aug-22,17:20,0,0,0
2-Aug-22,17:25,0,0,0
2-Aug-22,17:30,0,0,0
2-Aug-22,17:35,0,0,0
2-Aug-22,17:40,0,0,0
2-Aug-22,17:45,0,0,0
2-Aug-22,17:50,0,0,0
2-Aug-22,17:55,0,0,0
2-Aug-22,18:00,0,0,0
2-Aug-22,18:05,0,0,0
2-Aug-22,18:10,0,0,0
2-Aug-22,18:15,0,0,0
2-Aug-22,18:20,0,0,0
2-Aug-22,18:25,0,0,0
2-Aug-22,18:30,0,0,0
2-Aug-22,18:35,0,0,0
2-Aug-22,18:40,0,0,0
2-Aug-22,18:45,0,0,0
2-Aug-22,18:50,0,0,0
2-Aug-22,18:55,0,0,0
2-Aug-22,19:00,0,0,0
2-Aug-22,19:05,0,0,0
2-Aug-22,19:10,0,0,0
2-Aug-22,19:15,0,0,0
2-Aug-22,19:20,0,0,0
2-Aug-22,19:25,0,0,0
2-Aug-22,19:30,0,0,0
2-Aug-22,19:35,0,0,0
2-Aug-22,19:40,0,0,0
2-Aug-22,19:45,0,0,0
2-Aug-22,19:50,0,0,0
2-Aug-22,19:55,0,0,0
2-Aug-22,20:00,0,0,0
2-Aug-22,20:05,0,0,0
2-Aug-22,20:10,0,0,0
2-Aug-22,20:15,0,0,0
2-Aug-22,20:20,0,0,0
2-Aug-22,20:25,0,0,0
2-Aug-22,20:30,0,0,0
2-Aug-22,20:35,0,0,0
2-Aug-22,20:40,0,0,0
2-Aug-22,20:45,0,0,0
2-Aug-22,20:50,0,0,0
2-Aug-22,20:55,0,0,0
2-Aug-22,21:00,0,0,0
2-Aug-22,21:05,0,0,0
2-Aug-22,21:10,0,0,0
2-Aug-22,21:15,0,0,0
2-Aug-22,21:20,0,0,0
2-Aug-22,21:25,0,0,0
2-Aug-22,21:30,0,0,0
2-Aug-22,21:35,0,0,0
2-Aug-22,21:40,0,0,0
2-Aug-22,21:45,0,0,0
2-Aug-22,21:50,0,0,0
2-Aug-22,21:55,0,0,0
2-Aug-22,22:00,0,0,0
2-Aug-22,22:05,0,0,0
2-Aug-22,22:10,0,0,0
2-Aug-22,22:15,0,0,0
2-Aug-22,22:20,0,0,0
2-Aug-22,22:25,0,0,0
2-Aug-22,22:30,0,0,0
2-Aug-22,22:35,0,0,0
2-Aug-22,22:40,0,0,0
2-Aug-22,22:45,0,0,0
2-Aug-22,22:50,0,0,0
2-Aug-22,22:55,0,0,0
2-Aug-22,23:00,0,0,0
2-Aug-22,23:05,0,0,0
2-Aug-22,23:10,0,0,0
2-Aug-22,23:15,0,0,0
2-Aug-22,23:20,0,0,0
2-Aug-22,23:25,0,0,0
2-Aug-22,23:30,0,0,0
2-Aug-22,23:35,0,0,0
2-Aug-22,23:40,0,0,0
2-Aug-22,23:45,0,0,0
2-Aug-22,23:50,0,0,0
2-Aug-22,23:55,0,0,0
3-Aug-22,0:00,0,0,0
3-Aug-22,0:05,0,0,0
3-Aug-22,0:10,0,0,0
3-Aug-22,0:15,0,0,0
3-Aug-22,0:20,0,0,0
3-Aug-22,0:25,0,0,0
3-Aug-22,0:30,0,0,0
3-Aug-22,0:35,0,0,0
3-Aug-22,0:40,0,0,0
3-Aug-22,0:45,0,0,0
3-Aug-22,0:50,0,0,0
3-Aug-22,0:55,0,0,0
3-Aug-22,1:00,0,0,0
3-Aug-22,1:05,0,0,0
3-Aug-22,1:10,0,0,0
3-Aug-22,1:15,0,0,0
3-Aug-22,1:20,0,0,0
3-Aug-22,1:25,0,0,0
3-Aug-22,1:30,0,0,0
3-Aug-22,1:35,0,0,0
3-Aug-22,1:40,0,0,0
3-Aug-22,1:45,0,0,0
3-Aug-22,1:50,0,0,0
3-Aug-22,1:55,0,0,0
3-Aug-22,2:00,0,0,0
3-Aug-22,2:05,0,0,0
3-Aug-22,2:10,0,0,0
3-Aug-22,2:15,0,0,0
3-Aug-22,2:20,0,0,0
3-Aug-22,2:25,0,0,0
3-Aug-22,2:30,0,0,0
3-Aug-22,2:35,0,0,0
3-Aug-22,2:40,0,0,0
3-Aug-22,2:45,0,0,0
3-Aug-22,2:50,0,0,0
3-Aug-22,2:55,0,0,0
3-Aug-22,3:00,0,0,0
3-Aug-22,3:05,0,0,0
3-Aug-22,3:10,0,0,0
3-Aug-22,3:15,0,0,0
3-Aug-22,3:20,0,0,0
3-Aug-22,3:25,0,0,0
3-Aug-22,3:30,0,0,0
3-Aug-22,3:35,0,0,0
3-Aug-22,3:40,0,0,0
3-Aug-22,3:45,0,0,0
3-Aug-22,3:50,0,0,0
3-Aug-22,3:55,0,0,0
3-Aug-22,4:00,0,0,0
3-Aug-22,4:05,0,0,0
3-Aug-22,4:10,0,0,0
3-Aug-22,4:15,0,0,0
3-Aug-22,4:20,0,0,0
3-Aug-22,4:25,0,0,0
3-Aug-22,4:30,0,0,0
3-Aug-22,4:35,0,0,0
3-Aug-22,4:40,0,0,0
3-Aug-22,4:45,0,0,0
3-Aug-22,4:50,0,0,0
3-Aug-22,4:55,0,0,0
3-Aug-22,5:00,0,0,0
3-Aug-22,5:05,0,0,0
3-Aug-22,5:10,0,0,0
3-Aug-22,5:15,0,0,0
3-Aug-22,5:20,0,0,0
3-Aug-22,5:25,0,0,0
3-Aug-22,5:30,0,0,0
3-Aug-22,5:35,0,0,0
3-Aug-22,5:40,0,0,0
3-Aug-22,5:45,0,0,0
3-Aug-22,5:50,0,0,0
3-Aug-22,5:55,0,0,0
3-Aug-22,6:00,0,0,0
3-Aug-22,6:05,0,0,0
3-Aug-22,6:10,0,0,0
3-Aug-22,6:15,0,0,0
3-Aug-22,6:20,0,0,0
3-Aug-22,6:25,0,0,0
3-Aug-22,6:30,0,0,0
3-Aug-22,6:35,0,0,0
3-Aug-22,6:40,0,0,0
3-Aug-22,6:45,0,0,0
3-Aug-22,6:50,0,0,0
3-Aug-22,6:55,0,0,0
3-Aug-22,7:00,0,0,0
3-Aug-22,7:05,0,0,0
3-Aug-22,7:10,0,0,0
3-Aug-22,7:15,0,0,0
3-Aug-22,7:20,0,0,0
3-Aug-22,7:25,0,0,0
3-Aug-22,7:30,0,0,0
3-Aug-22,7:35,0,0,0
3-Aug-22,7:40,0,0,0
3-Aug-22,7:45,0,0,0
3-Aug-22,7:50,0,0,0
3-Aug-22,7:55,0,0,0
3-Aug-22,8:00,0,0,0
3-Aug-22,8:05,0,0,0
3-Aug-22,8:10,0,0,0
3-Aug-22,8:15,0,0,0
3-Aug-22,8:20,0,0,0
3-Aug-22,8:25,0,0,0
3-Aug-22,8:30,0,0,0
3-Aug-22,8:35,0,0,0
3-Aug-22,8:40,0,0,0
3-Aug-22,8:45,0,0,0
3-Aug-22,8:50,0,0,0
3-Aug-22,8:55,0,0,0
3-Aug-22,9:00,0,0,0
3-Aug-22,9:05,0,0,0
3-Aug-22,9:10,0,0,0
3-Aug-22,9:15,0,0,0
3-Aug-22,9:20,0,0,0
3-Aug-22,9:25,0,0,0
3-Aug-22,9:30,0,0,0
3-Aug-22,9:35,0,0,0
3-Aug-22,9:40,0,0,0
3-Aug-22,9:45,0,0,0
3-Aug-22,9:50,0,0,0
3-Aug-22,9:55,0,0,0
3-Aug-22,10:00,0,0,0
3-Aug-22,10:05,0,0,0
3-Aug-22,10:10,0,0,0
3-Aug-22,10:15,0,0,0
3-Aug-22,10:20,0,0,0
3-Aug-22,10:25,0,0,0
3-Aug-22,10:30,0,0,0
3-Aug-22,10:35,0,0,0
3-Aug-22,10:40,0,0,0
3-Aug-22,10:45,0,0,0
3-Aug-22,10:50,0,0,0
3-Aug-22,10:55,0,0,0
3-Aug-22,11:00,0,0,0
3-Aug-22,11:05,0,0,0
3-Aug-22,11:10,0,0,0
3-Aug-22,11:15,0,0,0
3-Aug-22,11:20,0,0,0
3-Aug-22,11:25,0,0,0
3-Aug-22,11:30,0,0,0
3-Aug-22,11:35,0,0,0
3-Aug-22,11:40,0,0,0
3-Aug-22,11:45,0,0,0
3-Aug-22,11:50,0,0,0
3-Aug-22,11:55,0,0,0
3-Aug-22,12:00,0,0,0
3-Aug-22,12:05,0,0,0
3-Aug-22,12:10,0,0,0
3-Aug-22,12:15,0,0,0
3-Aug-22,12:20,0,0,0
3-Aug-22,12:25,0,0,0
3-Aug-22,12:30,0,0,0
3-Aug-22,12:35,0,0,0
3-Aug-22,12:40,0,0,0
3-Aug-22,12:45,0,0,0
3-Aug-22,12:50,0,0,0
3-Aug-22,12:55,0,0,0
3-Aug-22,13:00,0,0,0
3-Aug-22,13:05,0,0,0
3-Aug-22,13:10,0,0,0
3-Aug-22,13:15,0,0,0
3-Aug-22,13:20,0,0,0
3-Aug-22,13:25,0,0,0
3-Aug-22,13:30,0,0,0
3-Aug-22,13:35,0,0,0
3-Aug-22,13:40,0,0,0
3-Aug-22,13:45,0,0,0
3-Aug-22,13:50,0,0,0
3-Aug-22,13:55,0,0,0
3-Aug-22,14:00,0,0,0
3-Aug-22,14:05,0,0,0
3-Aug-22,14:10,0,0,0
3-Aug-22,14:15,435.9,0,435.9
3-Aug-22,14:20,3007.7,0,3007.7
3-Aug-22,14:25,3062,0,3062
3-Aug-22,14:30,1483.1,0,1483.1
3-Aug-22,14:35,2601.5,0,2601.5
3-Aug-22,14:40,2371.8,0,2371.8
3-Aug-22,14:45,1072.8,0,1072.8
3-Aug-22,14:50,1823.9,0,1823.9
3-Aug-22,14:55,1777.6,0,1777.6
3-Aug-22,15:00,716,0,716
3-Aug-22,15:05,1141.3,0,1141.3
3-Aug-22,15:10,1630.5,0,1630.5
3-Aug-22,15:15,869.6,0,869.6
3-Aug-22,15:20,753,0,753
3-Aug-22,15:25,1026.1,0,1026.1
3-Aug-22,15:30,899.6,0,899.6
3-Aug-22,15:35,698.1,0,698.1
3-Aug-22,15:40,619.8,0,619.8
3-Aug-22,15:45,700.3,0,700.3
3-Aug-22,15:50,749.6,0,749.6
3-Aug-22,15:55,603.8,0,603.8
3-Aug-22,16:00,438.1,0,438.1
3-Aug-22,16:05,484.4,0,484.4
3-Aug-22,16:10,529.4,0,529.4
3-Aug-22,16:15,479.6,0,479.6
3-Aug-22,16:20,421,0,421
3-Aug-22,16:25,388.9,0,388.9
3-Aug-22,16:30,376.5,0,376.5
3-Aug-22,16:35,338.4,0,338.4
3-Aug-22,16:40,306.7,0,306.7
3-Aug-22,16:45,324,0,324
3-Aug-22,16:50,312.1,0,312.1
3-Aug-22,16:55,274.4,0,274.4
3-Aug-22,17:00,236.8,0,236.8
3-Aug-22,17:05,239.1,0,239.1
3-Aug-22,17:10,240.3,0,240.3
3-Aug-22,17:15,224,0,224
3-Aug-22,17:20,209.7,0,209.7
3-Aug-22,17:25,199.4,0,199.4
3-Aug-22,17:30,178,0,178
3-Aug-22,17:35,168.8,0,168.8
3-Aug-22,17:40,180.3,0,180.3
3-Aug-22,17:45,175.7,0,175.7
3-Aug-22,17:50,146.8,0,146.8
3-Aug-22,17:55,134.1,0,134.1
3-Aug-22,18:00,144.2,0,144.2
3-Aug-22,18:05,132.2,0,132.2
3-Aug-22,18:10,122.9,0,122.9
3-Aug-22,18:15,123.3,0,123.3
3-Aug-22,18:20,114.4,0,114.4
3-Aug-22,18:25,103.9,0,103.9
3-Aug-22,18:30,101.1,0,101.1
3-Aug-22,18:35,101.4,0,101.4
3-Aug-22,18:40,96,0,96
3-Aug-22,18:45,86.8,0,86.8
3-Aug-22,18:50,83.8,0,83.8
3-Aug-22,18:55,82.6,0,82.6
3-Aug-22,19:00,77.9,0,77.9
3-Aug-22,19:05,73.2,0,73.2
3-Aug-22,19:10,69.4,0,69.4
3-Aug-22,19:15,66.3,0,66.3
3-Aug-22,19:20,62.9,0,62.9
3-Aug-22,19:25,59.1,0,59.1
3-Aug-22,19:30,55.7,0,55.7
3-Aug-22,19:35,52.4,0,52.4
3-Aug-22,19:40,49.3,0,49.3
3-Aug-22,19:45,46.3,0,46.3
3-Aug-22,19:50,43.5,0,43.5
3-Aug-22,19:55,40.9,0,40.9
3-Aug-22,20:00,38.4,0,38.4
3-Aug-22,20:05,35.9,0,35.9
3-Aug-22,20:10,33.6,0,33.6
3-Aug-22,20:15,31.2,0,31.2
3-Aug-22,20:20,28.9,0,28.9
3-Aug-22,20:25,26.7,0,26.7
3-Aug-22,20:30,24.6,0,24.6
3-Aug-22,20:35,22.6,0,22.6
3-Aug-22,20:40,20.8,0,20.8
3-Aug-22,20:45,19.1,0,19.1
3-Aug-22,20:50,17.5,0,17.5
3-Aug-22,20:55,16.1,0,16.1
3-Aug-22,21:00,14.8,0,14.8
3-Aug-22,21:05,13.6,0,13.6
3-Aug-22,21:10,12.5,0,12.5
3-Aug-22,21:15,11.5,0,11.5
3-Aug-22,21:20,10.6,0,10.6
3-Aug-22,21:25,9.7,0,9.7
3-Aug-22,21:30,9,0,9
3-Aug-22,21:35,8.2,0,8.2
3-Aug-22,21:40,7.6,0,7.6
3-Aug-22,21:45,7,0,7
3-Aug-22,21:50,6.4,0,6.4
3-Aug-22,21:55,5.9,0,5.9
3-Aug-22,22:00,5.4,0,5.4
3-Aug-22,22:05,5,0,5
3-Aug-22,22:10,4.6,0,4.6
3-Aug-22,22:15,4.2,0,4.2
3-Aug-22,22:20,3.9,0,3.9
3-Aug-22,22:25,3.6,0,3.6
3-Aug-22,22:30,3.2,0,3.2
3-Aug-22,22:35,3,0,3
3-Aug-22,22:40,2.7,0,2.7
3-Aug-22,22:45,2.4,0,2.4
3-Aug-22,22:50,2.2,0,2.2
3-Aug-22,22:55,1.9,0,1.9
3-Aug-22,23:00,1.7,0,1.7
3-Aug-22,23:05,1.5,0,1.5
3-Aug-22,23:10,1.3,0,1.3
3-Aug-22,23:15,1.1,0,1.1
3-Aug-22,23:20,0.9,0,0.9
3-Aug-22,23:25,0.6,0,0.6
3-Aug-22,23:30,0.3,0,0.3
3-Aug-22,23:35,0.2,0,0.2
3-Aug-22,23:40,0.1,0,0.1
3-Aug-22,23:45,0,0,0
3-Aug-22,23:50,0,0,0
3-Aug-22,23:55,0,0,0
4-Aug-22,0:00,0,0,0
4-Aug-22,0:05,0,0,0
4-Aug-22,0:10,0,0,0
4-Aug-22,0:15,0,0,0
4-Aug-22,0:20,0,0,0
4-Aug-22,0:25,0,0,0
4-Aug-22,0:30,0,0,0
4-Aug-22,0:35,0,0,0
4-Aug-22,0:40,0,0,0
4-Aug-22,0:45,0,0,0
4-Aug-22,0:50,0,0,0
4-Aug-22,0:55,0,0,0
4-Aug-22,1:00,0,0,0
4-Aug-22,1:05,0,0,0
4-Aug-22,1:10,0,0,0
4-Aug-22,1:15,0,0,0
4-Aug-22,1:20,0,0,0
4-Aug-22,1:25,0,0,0
4-Aug-22,1:30,0,0,0
4-Aug-22,1:35,0,0,0
4-Aug-22,1:40,0,0,0
4-Aug-22,1:45,0,0,0
4-Aug-22,1:50,0,0,0
4-Aug-22,1:55,0,0,0
4-Aug-22,2:00,0,0,0
4-Aug-22,2:05,0,0,0
4-Aug-22,2:10,0,0,0
4-Aug-22,2:15,0,0,0
4-Aug-22,2:20,0,0,0
4-Aug-22,2:25,0,0,0
4-Aug-22,2:30,0,0,0
4-Aug-22,2:35,0,0,0
4-Aug-22,2:40,0,0,0
4-Aug-22,2:45,0,0,0
4-Aug-22,2:50,0,0,0
4-Aug-22,2:55,0,0,0
4-Aug-22,3:00,0,0,0
4-Aug-22,3:05,0,0,0
4-Aug-22,3:10,0,0,0
4-Aug-22,3:15,0,0,0
4-Aug-22,3:20,0,0,0
4-Aug-22,3:25,0,0,0
4-Aug-22,3:30,0,0,0
4-Aug-22,3:35,0,0,0
4-Aug-22,3:40,0,0,0
4-Aug-22,3:45,0,0,0
4-Aug-22,3:50,0,0,0
4-Aug-22,3:55,0,0,0
4-Aug-22,4:00,0,0,0
4-Aug-22,4:05,0,0,0
4-Aug-22,4:10,0,0,0
4-Aug-22,4:15,0,0,0
4-Aug-22,4:20,0,0,0
4-Aug-22,4:25,0,0,0
4-Aug-22,4:30,0,0,0
4-Aug-22,4:35,0,0,0
4-Aug-22,4:40,0,0,0
4-Aug-22,4:45,0,0,0
4-Aug-22,4:50,0,0,0
4-Aug-22,4:55,0,0,0
4-Aug-22,5:00,0,0,0
4-Aug-22,5:05,0,0,0
4-Aug-22,5:10,0,0,0
4-Aug-22,5:15,0,0,0
4-Aug-22,5:20,0,0,0
4-Aug-22,5:25,0,0,0
4-Aug-22,5:30,0,0,0
4-Aug-22,5:35,0,0,0
4-Aug-22,5:40,0,0,0
4-Aug-22,5:45,0,0,0
4-Aug-22,5:50,0,0,0
4-Aug-22,5:55,0,0,0
4-Aug-22,6:00,0,0,0
4-Aug-22,6:05,0,0,0
4-Aug-22,6:10,0,0,0
4-Aug-22,6:15,0,0,0
4-Aug-22,6:20,0,0,0
4-Aug-22,6:25,0,0,0
4-Aug-22,6:30,0,0,0
4-Aug-22,6:35,0,0,0
4-Aug-22,6:40,0,0,0
4-Aug-22,6:45,0,0,0
4-Aug-22,6:50,0,0,0
4-Aug-22,6:55,0,0,0
4-Aug-22,7:00,0,0,0
4-Aug-22,7:05,0,0,0
4-Aug-22,7:10,0,0,0
4-Aug-22,7:15,0,0,0
4-Aug-22,7:20,0,0,0
4-Aug-22,7:25,0,0,0
4-Aug-22,7:30,0,0,0
4-Aug-22,7:35,0,0,0
4-Aug-22,7:40,0,0,0
4-Aug-22,7:45,0,0,0
4-Aug-22,7:50,0,0,0
4-Aug-22,7:55,0,0,0
4-Aug-22,8:00,0,0,0
4-Aug-22,8:05,0,0,0
4-Aug-22,8:10,0,0,0
4-Aug-22,8:15,0,0,0
4-Aug-22,8:20,0,0,0
4-Aug-22,8:25,0,0,0
4-Aug-22,8:30,0,0,0
4-Aug-22,8:35,0,0,0
4-Aug-22,8:40,0,0,0
4-Aug-22,8:45,0,0,0
4-Aug-22,8:50,0,0,0
4-Aug-22,8:55,0,0,0
4-Aug-22,9:00,0,0,0
4-Aug-22,9:05,0,0,0
4-Aug-22,9:10,0,0,0
4-Aug-22,9:15,0,0,0
4-Aug-22,9:20,0,0,0
4-Aug-22,9:25,0,0,0
4-Aug-22,9:30,0,0,0
4-Aug-22,9:35,0,0,0
4-Aug-22,9:40,0,0,0
4-Aug-22,9:45,0,0,0
4-Aug-22,9:50,0,0,0
4-Aug-22,9:55,0,0,0
4-Aug-22,10:00,0,0,0
4-Aug-22,10:05,0,0,0
4-Aug-22,10:10,0,0,0
4-Aug-22,10:15,0,0,0
4-Aug-22,10:20,0,0,0
4-Aug-22,10:25,0,0,0
4-Aug-22,10:30,0,0,0
4-Aug-22,10:35,0,0,0
4-Aug-22,10:40,0,0,0
4-Aug-22,10:45,0,0,0
4-Aug-22,10:50,0,0,0
4-Aug-22,10:55,0,0,0
7-Aug-22,11:00,0,0,0
7-Aug-22,11:05,0,0,0
7-Aug-22,11:10,0,0,0
7-Aug-22,11:15,0,0,0
7-Aug-22,11:20,0,0,0
7-Aug-22,11:25,0,0,0
7-Aug-22,11:30,0,0,0
7-Aug-22,11:35,0,0,0
7-Aug-22,11:40,0,0,0
7-Aug-22,11:45,0,0,0
7-Aug-22,11:50,0,0,0
7-Aug-22,11:55,0,0,0
7-Aug-22,12:00,0,0,0
7-Aug-22,12:05,0,0,0
7-Aug-22,12:10,0,0,0
7-Aug-22,12:15,0,0,0
7-Aug-22,12:20,0,0,0
7-Aug-22,12:25,0,0,0
7-Aug-22,12:30,0,0,0
7-Aug-22,12:35,0,0,0
7-Aug-22,12:40,0,0,0
7-Aug-22,12:45,0,0,0
7-Aug-22,12:50,0,0,0
7-Aug-22,12:55,0,0,0
7-Aug-22,13:00,0,0,0
7-Aug-22,13:05,0,0,0
7-Aug-22,13:10,0,0,0
7-Aug-22,13:15,0,0,0
7-Aug-22,13:20,0,0,0
7-Aug-22,13:25,0,0,0
7-Aug-22,13:30,0,0,0
7-Aug-22,13:35,0,0,0
7-Aug-22,13:40,0,0,0
7-Aug-22,13:45,0,0,0
7-Aug-22,13:50,0,0,0
7-Aug-22,13:55,0,0,0
7-Aug-22,14:00,0,0,0
7-Aug-22,14:05,0,0,0
7-Aug-22,14:10,0,0,0
7-Aug-22,14:15,0,0,0
7-Aug-22,14:20,0,0,0
7-Aug-22,14:25,0,0,0
7-Aug-22,14:30,0,0,0
7-Aug-22,14:35,0,0,0
7-Aug-22,14:40,0,0,0
7-Aug-22,14:45,0,0,0
7-Aug-22,14:50,0.1,0,0.1
7-Aug-22,14:55,0.1,0,0.1
7-Aug-22,15:00,0.1,0,0.1
7-Aug-22,15:05,0.1,0,0.1
7-Aug-22,15:10,0.2,0,0.2
7-Aug-22,15:15,0.2,0,0.2
7-Aug-22,15:20,0.2,0,0.2
7-Aug-22,15:25,0.3,0,0.3
7-Aug-22,15:30,0.3,0,0.3
7-Aug-22,15:35,0.3,0,0.3
7-Aug-22,15:40,0.3,0,0.3
7-Aug-22,15:45,0.3,0,0.3
7-Aug-22,15:50,0.3,0,0.3
7-Aug-22,15:55,0.4,0,0.4
7-Aug-22,16:00,0.4,0,0.4
7-Aug-22,16:05,0.4,0,0.4
7-Aug-22,16:10,0.6,0,0.6
7-Aug-22,16:15,0.9,0,0.9
7-Aug-22,16:20,1.5,0,1.5
7-Aug-22,16:25,2.2,0,2.2
7-Aug-22,16:30,3,0,3
7-Aug-22,16:35,3.6,0,3.6
7-Aug-22,16:40,4,0,4
7-Aug-22,16:45,4.2,0,4.2
7-Aug-22,16:50,4.2,0,4.2
7-Aug-22,16:55,4,0,4
7-Aug-22,17:00,4.6,0,4.6
7-Aug-22,17:05,9.9,0,9.9
7-Aug-22,17:10,20.6,0,20.6
7-Aug-22,17:15,28.7,0,28.7
7-Aug-22,17:20,31.5,0,31.5
7-Aug-22,17:25,31.4,0,31.4
7-Aug-22,17:30,30,0,30
7-Aug-22,17:35,28.1,0,28.1
7-Aug-22,17:40,26.2,0,26.2
7-Aug-22,17:45,24.3,0,24.3
7-Aug-22,17:50,22.6,0,22.6
7-Aug-22,17:55,20.9,0,20.9
7-Aug-22,18:00,19.4,0,19.4
7-Aug-22,18:05,17.9,0,17.9
7-Aug-22,18:10,16.5,0,16.5
7-Aug-22,18:15,15.2,0,15.2
7-Aug-22,18:20,13.9,0,13.9
7-Aug-22,18:25,12.7,0,12.7
7-Aug-22,18:30,11.6,0,11.6
7-Aug-22,18:35,10.6,0,10.6
7-Aug-22,18:40,9.6,0,9.6
7-Aug-22,18:45,8.7,0,8.7
7-Aug-22,18:50,7.9,0,7.9
7-Aug-22,18:55,7.1,0,7.1
7-Aug-22,19:00,6.4,0,6.4
7-Aug-22,19:05,5.8,0,5.8
7-Aug-22,19:10,5.3,0,5.3
7-Aug-22,19:15,4.8,0,4.8
7-Aug-22,19:20,4.3,0,4.3
7-Aug-22,19:25,3.9,0,3.9
7-Aug-22,19:30,3.5,0,3.5
7-Aug-22,19:35,3.2,0,3.2
7-Aug-22,19:40,2.9,0,2.9
7-Aug-22,19:45,2.6,0,2.6
7-Aug-22,19:50,2.4,0,2.4
7-Aug-22,19:55,2.1,0,2.1
7-Aug-22,20:00,1.9,0,1.9
7-Aug-22,20:05,1.7,0,1.7
7-Aug-22,20:10,1.6,0,1.6
7-Aug-22,20:15,1.4,0,1.4
7-Aug-22,20:20,1.2,0,1.2
7-Aug-22,20:25,1,0,1
7-Aug-22,20:30,0.8,0,0.8
7-Aug-22,20:35,0.6,0,0.6
7-Aug-22,20:40,0.3,0,0.3
7-Aug-22,20:45,0.2,0,0.2
7-Aug-22,20:50,0.1,0,0.1
7-Aug-22,20:55,0,0,0
7-Aug-22,21:00,0,0,0
7-Aug-22,21:05,0,0,0
7-Aug-22,21:10,0,0,0
7-Aug-22,21:15,0,0,0
7-Aug-22,21:20,0,0,0
7-Aug-22,21:25,0,0,0
7-Aug-22,21:30,0,0,0
7-Aug-22,21:35,0,0,0
7-Aug-22,21:40,0,0,0
7-Aug-22,21:45,0,0,0
7-Aug-22,21:50,0,0,0
7-Aug-22,21:55,0,0,0
7-Aug-22,22:00,0,0,0
7-Aug-22,22:05,0,0,0
7-Aug-22,22:10,0,0,0
7-Aug-22,22:15,0,0,0
7-Aug-22,22:20,0,0,0
7-Aug-22,22:25,0,0,0
7-Aug-22,22:30,0,0,0
7-Aug-22,22:35,0,0,0
7-Aug-22,22:40,0,0,0
7-Aug-22,22:45,0,0,0
7-Aug-22,22:50,0,0,0
7-Aug-22,22:55,0,0,0
7-Aug-22,23:00,0,0,0
7-Aug-22,23:05,0,0,0
7-Aug-22,23:10,0,0,0
7-Aug-22,23:15,0,0,0
7-Aug-22,23:20,0,0,0
7-Aug-22,23:25,0,0,0
7-Aug-22,23:30,0,0,0
7-Aug-22,23:35,0,0,0
7-Aug-22,23:40,0,0,0
7-Aug-22,23:45,0,0,0
7-Aug-22,23:50,0,0,0
7-Aug-22,23:55,0,0,0
8-Aug-22,0:00,0,0,0
8-Aug-22,0:05,0,0,0
8-Aug-22,0:10,0,0,0
8-Aug-22,0:15,0,0,0
8-Aug-22,0:20,0,0,0
8-Aug-22,0:25,0.1,0,0.1
8-Aug-22,0:30,0.1,0,0.1
8-Aug-22,0:35,0.1,0,0.1
8-Aug-22,0:40,0.1,0,0.1
8-Aug-22,0:45,0.2,0,0.2
8-Aug-22,0:50,0.2,0,0.2
8-Aug-22,0:55,0.2,0,0.2
8-Aug-22,1:00,0.3,0,0.3
8-Aug-22,1:05,0.3,0,0.3
8-Aug-22,1:10,0.3,0,0.3
8-Aug-22,1:15,0.3,0,0.3
8-Aug-22,1:20,0.4,0,0.4
8-Aug-22,1:25,0.4,0,0.4
8-Aug-22,1:30,0.4,0,0.4
8-Aug-22,1:35,0.8,0,0.8
8-Aug-22,1:40,1.9,0,1.9
8-Aug-22,1:45,4,0,4
8-Aug-22,1:50,6.6,0,6.6
8-Aug-22,1:55,8.8,0,8.8
8-Aug-22,2:00,10.1,0,10.1
8-Aug-22,2:05,10.5,0,10.5
8-Aug-22,2:10,10.4,0,10.4
8-Aug-22,2:15,10.1,0,10.1
8-Aug-22,2:20,10.2,0,10.2
8-Aug-22,2:25,10.9,0,10.9
8-Aug-22,2:30,12.5,0,12.5
8-Aug-22,2:35,14.5,0,14.5
8-Aug-22,2:40,16.2,0,16.2
8-Aug-22,2:45,17.2,0,17.2
8-Aug-22,2:50,17.4,0,17.4
8-Aug-22,2:55,17.1,0,17.1
8-Aug-22,3:00,19.7,0,19.7
8-Aug-22,3:05,27.5,0,27.5
8-Aug-22,3:10,34.7,0,34.7
8-Aug-22,3:15,38.2,0,38.2
8-Aug-22,3:20,39.3,0,39.3
8-Aug-22,3:25,38.6,0,38.6
8-Aug-22,3:30,37,0,37
8-Aug-22,3:35,35.2,0,35.2
8-Aug-22,3:40,34.1,0,34.1
8-Aug-22,3:45,34.3,0,34.3
8-Aug-22,3:50,35.2,0,35.2
8-Aug-22,3:55,35.7,0,35.7
8-Aug-22,4:00,35,0,35
8-Aug-22,4:05,33.6,0,33.6
8-Aug-22,4:10,31.7,0,31.7
8-Aug-22,4:15,29.6,0,29.6
8-Aug-22,4:20,27.6,0,27.6
8-Aug-22,4:25,25.7,0,25.7
8-Aug-22,4:30,23.9,0,23.9
8-Aug-22,4:35,22.3,0,22.3
8-Aug-22,4:40,20.8,0,20.8
8-Aug-22,4:45,19.6,0,19.6
8-Aug-22,4:50,18.9,0,18.9
8-Aug-22,4:55,19.1,0,19.1
8-Aug-22,5:00,20.2,0,20.2
8-Aug-22,5:05,21.6,0,21.6
8-Aug-22,5:10,22.9,0,22.9
8-Aug-22,5:15,23.7,0,23.7
8-Aug-22,5:20,23.8,0,23.8
8-Aug-22,5:25,23.3,0,23.3
8-Aug-22,5:30,22.4,0,22.4
8-Aug-22,5:35,21.4,0,21.4
8-Aug-22,5:40,20.3,0,20.3
8-Aug-22,5:45,19.2,0,19.2
8-Aug-22,5:50,18.2,0,18.2
8-Aug-22,5:55,17.3,0,17.3
8-Aug-22,6:00,16.6,0,16.6
8-Aug-22,6:05,15.9,0,15.9
8-Aug-22,6:10,15.3,0,15.3
8-Aug-22,6:15,14.8,0,14.8
8-Aug-22,6:20,14.3,0,14.3
8-Aug-22,6:25,13.8,0,13.8
8-Aug-22,6:30,13.3,0,13.3
8-Aug-22,6:35,12.8,0,12.8
8-Aug-22,6:40,12.3,0,12.3
8-Aug-22,6:45,11.9,0,11.9
8-Aug-22,6:50,11.4,0,11.4
8-Aug-22,6:55,11,0,11
8-Aug-22,7:00,10.6,0,10.6
8-Aug-22,7:05,10.1,0,10.1
8-Aug-22,7:10,9.7,0,9.7
8-Aug-22,7:15,9.2,0,9.2
8-Aug-22,7:20,8.8,0,8.8
8-Aug-22,7:25,8.3,0,8.3
8-Aug-22,7:30,7.8,0,7.8
8-Aug-22,7:35,7.4,0,7.4
8-Aug-22,7:40,6.9,0,6.9
8-Aug-22,7:45,6.5,0,6.5
8-Aug-22,7:50,6.1,0,6.1
8-Aug-22,7:55,5.7,0,5.7
8-Aug-22,8:00,5.3,0,5.3
8-Aug-22,8:05,4.9,0,4.9
8-Aug-22,8:10,4.5,0,4.5
8-Aug-22,8:15,4.2,0,4.2
8-Aug-22,8:20,3.9,0,3.9
8-Aug-22,8:25,3.6,0,3.6
8-Aug-22,8:30,3.3,0,3.3
8-Aug-22,8:35,3.1,0,3.1
8-Aug-22,8:40,2.8,0,2.8
8-Aug-22,8:45,2.6,0,2.6
8-Aug-22,8:50,2.3,0,2.3
8-Aug-22,8:55,2.1,0,2.1
8-Aug-22,9:00,1.9,0,1.9
8-Aug-22,9:05,1.7,0,1.7
8-Aug-22,9:10,1.4,0,1.4
8-Aug-22,9:15,1.2,0,1.2
8-Aug-22,9:20,1,0,1
8-Aug-22,9:25,0.8,0,0.8
8-Aug-22,9:30,0.6,0,0.6
8-Aug-22,9:35,0.3,0,0.3
8-Aug-22,9:40,0.2,0,0.2
8-Aug-22,9:45,0.1,0,0.1
8-Aug-22,9:50,0,0,0
8-Aug-22,9:55,0,0,0
8-Aug-22,10:00,0,0,0
8-Aug-22,10:05,0,0,0
8-Aug-22,10:10,0,0,0
8-Aug-22,10:15,0,0,0
8-Aug-22,10:20,0,0,0
8-Aug-22,10:25,0,0,0
8-Aug-22,10:30,0,0,0
8-Aug-22,10:35,0,0,0
8-Aug-22,10:40,0,0,0
8-Aug-22,10:45,0,0,0
8-Aug-22,10:50,0,0,0
8-Aug-22,10:55,0,0,0
10-Sep-22,11:00,0,0,0
10-Sep-22,11:05,0,0,0
10-Sep-22,11:10,0,0,0
10-Sep-22,11:15,0,0,0
10-Sep-22,11:20,0,0,0
10-Sep-22,11:25,0,0,0
10-Sep-22,11:30,0,0,0
10-Sep-22,11:35,0,0,0
10-Sep-22,11:40,0,0,0
10-Sep-22,11:45,0,0,0
10-Sep-22,11:50,0,0,0
10-Sep-22,11:55,0,0,0
10-Sep-22,12:00,0,0,0
10-Sep-22,12:05,0,0,0
10-Sep-22,12:10,0,0,0
10-Sep-22,12:15,0,0,0
10-Sep-22,12:20,0,0,0
10-Sep-22,12:25,0,0,0
10-Sep-22,12:30,0,0,0
10-Sep-22,12:35,0,0,0
10-Sep-22,12:40,0,0,0
10-Sep-22,12:45,0,0,0
10-Sep-22,12:50,0,0,0
10-Sep-22,12:55,0,0,0
10-Sep-22,13:00,0,0,0
10-Sep-22,13:05,0,0,0
10-Sep-22,13:10,0,0,0
10-Sep-22,13:15,0,0,0
10-Sep-22,13:20,0,0,0
10-Sep-22,13:25,0,0,0
10-Sep-22,13:30,0,0,0
10-Sep-22,13:35,0,0,0
10-Sep-22,13:40,0,0,0
10-Sep-22,13:45,0,0,0
10-Sep-22,13:50,0,0,0
10-Sep-22,13:55,0,0,0
10-Sep-22,14:00,0,0,0
10-Sep-22,14:05,0,0,0
10-Sep-22,14:10,0,0,0
10-Sep-22,14:15,0,0,0
10-Sep-22,14:20,0,0,0
10-Sep-22,14:25,0,0,0
10-Sep-22,14:30,0,0,0
10-Sep-22,14:35,0,0,0
10-Sep-22,14:40,0,0,0
10-Sep-22,14:45,0,0,0
10-Sep-22,14:50,0,0,0
10-Sep-22,14:55,0,0,0
10-Sep-22,15:00,0,0,0
10-Sep-22,15:05,0,0,0
10-Sep-22,15:10,0,0,0
10-Sep-22,15:15,0,0,0
10-Sep-22,15:20,0,0,0
10-Sep-22,15:25,709.3,0,709.3
10-Sep-22,15:30,2141.3,0,2141.3
10-Sep-22,15:35,2325.2,0,2325.2
10-Sep-22,15:40,3827.4,0,3827.4
10-Sep-22,15:45,3628.2,0,3628.2
10-Sep-22,15:50,2175.4,0,2175.4
10-Sep-22,15:55,2673.2,0,2673.2
10-Sep-22,16:00,2324.1,0,2324.1
10-Sep-22,16:05,2279.9,0,2279.9
10-Sep-22,16:10,1896.9,0,1896.9
10-Sep-22,16:15,1330.3,0,1330.3
10-Sep-22,16:20,1808.8,0,1808.8
10-Sep-22,16:25,1498.2,0,1498.2
10-Sep-22,16:30,1293.4,0,1293.4
10-Sep-22,16:35,1202.9,0,1202.9
10-Sep-22,16:40,1073,0,1073
10-Sep-22,16:45,1147.9,0,1147.9
10-Sep-22,16:50,903.1,0,903.1
10-Sep-22,16:55,953.8,0,953.8
10-Sep-22,17:00,884.8,0,884.8
10-Sep-22,17:05,914.3,0,914.3
10-Sep-22,17:10,806.9,0,806.9
10-Sep-22,17:15,868.7,0,868.7
10-Sep-22,17:20,887.3,0,887.3
10-Sep-22,17:25,875.2,0,875.2
10-Sep-22,17:30,939.2,0,939.2
10-Sep-22,17:35,959.4,0,959.4
10-Sep-22,17:40,1042.1,0,1042.1
10-Sep-22,17:45,1138.1,0,1138.1
10-Sep-22,17:50,1233.7,0,1233.7
10-Sep-22,17:55,1266.7,0,1266.7
10-Sep-22,18:00,1297.1,0,1297.1
10-Sep-22,18:05,1273,0,1273
10-Sep-22,18:10,1213.1,0,1213.1
10-Sep-22,18:15,1190.3,0,1190.3
10-Sep-22,18:20,1119.8,0,1119.8
10-Sep-22,18:25,1065.9,0,1065.9
10-Sep-22,18:30,1002.9,0,1002.9
10-Sep-22,18:35,935.3,0,935.3
10-Sep-22,18:40,877.3,0,877.3
10-Sep-22,18:45,801.9,0,801.9
10-Sep-22,18:50,753.3,0,753.3
10-Sep-22,18:55,696.1,0,696.1
10-Sep-22,19:00,645.9,0,645.9
10-Sep-22,19:05,620,0,620
10-Sep-22,19:10,581.5,0,581.5
10-Sep-22,19:15,548.6,0,548.6
10-Sep-22,19:20,531.9,0,531.9
10-Sep-22,19:25,498.6,0,498.6
10-Sep-22,19:30,481,0,481
10-Sep-22,19:35,477.7,0,477.7
10-Sep-22,19:40,461.7,0,461.7
10-Sep-22,19:45,457.5,0,457.5
10-Sep-22,19:50,450.8,0,450.8
10-Sep-22,19:55,434,0,434
10-Sep-22,20:00,431.9,0,431.9
10-Sep-22,20:05,425.2,0,425.2
10-Sep-22,20:10,417.8,0,417.8
10-Sep-22,20:15,417.3,0,417.3
10-Sep-22,20:20,407.1,0,407.1
10-Sep-22,20:25,402.6,0,402.6
10-Sep-22,20:30,390.7,0,390.7
10-Sep-22,20:35,379.6,0,379.6
10-Sep-22,20:40,365.5,0,365.5
10-Sep-22,20:45,351.3,0,351.3
10-Sep-22,20:50,338.3,0,338.3
10-Sep-22,20:55,324,0,324
10-Sep-22,21:00,312.8,0,312.8
10-Sep-22,21:05,299.1,0,299.1
10-Sep-22,21:10,287.4,0,287.4
10-Sep-22,21:15,273.7,0,273.7
10-Sep-22,21:20,260.4,0,260.4
10-Sep-22,21:25,249.3,0,249.3
10-Sep-22,21:30,238.2,0,238.2
10-Sep-22,21:35,226.4,0,226.4
10-Sep-22,21:40,213.5,0,213.5
10-Sep-22,21:45,200.9,0,200.9
10-Sep-22,21:50,189.7,0,189.7
10-Sep-22,21:55,179.3,0,179.3
10-Sep-22,22:00,170,0,170
10-Sep-22,22:05,160.8,0,160.8
10-Sep-22,22:10,152.7,0,152.7
10-Sep-22,22:15,144.2,0,144.2
10-Sep-22,22:20,136.9,0,136.9
10-Sep-22,22:25,130.9,0,130.9
10-Sep-22,22:30,127.9,0,127.9
10-Sep-22,22:35,124.3,0,124.3
10-Sep-22,22:40,119.6,0,119.6
10-Sep-22,22:45,114.2,0,114.2
10-Sep-22,22:50,108.3,0,108.3
10-Sep-22,22:55,101.7,0,101.7
10-Sep-22,23:00,95.8,0,95.8
10-Sep-22,23:05,90.5,0,90.5
10-Sep-22,23:10,86,0,86
10-Sep-22,23:15,82.7,0,82.7
10-Sep-22,23:20,80.5,0,80.5
10-Sep-22,23:25,80.5,0,80.5
10-Sep-22,23:30,83.4,0,83.4
10-Sep-22,23:35,83.9,0,83.9
10-Sep-22,23:40,80.5,0,80.5
10-Sep-22,23:45,76.6,0,76.6
10-Sep-22,23:50,73.7,0,73.7
10-Sep-22,23:55,72.2,0,72.2
11-Sep-22,0:00,71.2,0,71.2
11-Sep-22,0:05,69.3,0,69.3
11-Sep-22,0:10,66.4,0,66.4
11-Sep-22,0:15,63.7,0,63.7
11-Sep-22,0:20,63.6,0,63.6
11-Sep-22,0:25,67.7,0,67.7
11-Sep-22,0:30,73.5,0,73.5
11-Sep-22,0:35,76.6,0,76.6
11-Sep-22,0:40,77.1,0,77.1
11-Sep-22,0:45,77.5,0,77.5
11-Sep-22,0:50,79,0,79
11-Sep-22,0:55,82,0,82
11-Sep-22,1:00,84.5,0,84.5
11-Sep-22,1:05,87.1,0,87.1
11-Sep-22,1:10,90.6,0,90.6
11-Sep-22,1:15,93.2,0,93.2
11-Sep-22,1:20,93.4,0,93.4
11-Sep-22,1:25,91.6,0,91.6
11-Sep-22,1:30,89.3,0,89.3
11-Sep-22,1:35,86.3,0,86.3
11-Sep-22,1:40,82.2,0,82.2
11-Sep-22,1:45,78.1,0,78.1
11-Sep-22,1:50,75.4,0,75.4
11-Sep-22,1:55,74.5,0,74.5
11-Sep-22,2:00,75.1,0,75.1
11-Sep-22,2:05,75.5,0,75.5
11-Sep-22,2:10,75.6,0,75.6
11-Sep-22,2:15,75.2,0,75.2
11-Sep-22,2:20,72.7,0,72.7
11-Sep-22,2:25,69.4,0,69.4
11-Sep-22,2:30,66.2,0,66.2
11-Sep-22,2:35,62.9,0,62.9
11-Sep-22,2:40,59.6,0,59.6
11-Sep-22,2:45,57,0,57
11-Sep-22,2:50,55.2,0,55.2
11-Sep-22,2:55,53.5,0,53.5
11-Sep-22,3:00,51.5,0,51.5
11-Sep-22,3:05,49.5,0,49.5
11-Sep-22,3:10,48.1,0,48.1
11-Sep-22,3:15,47.6,0,47.6
11-Sep-22,3:20,47.9,0,47.9
11-Sep-22,3:25,48.5,0,48.5
11-Sep-22,3:30,48.1,0,48.1
11-Sep-22,3:35,46.3,0,46.3
11-Sep-22,3:40,43.9,0,43.9
11-Sep-22,3:45,41.8,0,41.8
11-Sep-22,3:50,40.8,0,40.8
11-Sep-22,3:55,41,0,41
11-Sep-22,4:00,42,0,42
11-Sep-22,4:05,43,0,43
11-Sep-22,4:10,43.9,0,43.9
11-Sep-22,4:15,44.4,0,44.4
11-Sep-22,4:20,44.1,0,44.1
11-Sep-22,4:25,42.4,0,42.4
11-Sep-22,4:30,68.1,0,68.1
11-Sep-22,4:35,138.1,0,138.1
11-Sep-22,4:40,108.4,0,108.4
11-Sep-22,4:45,111.2,0,111.2
11-Sep-22,4:50,101.2,0,101.2
11-Sep-22,4:55,94.2,0,94.2
11-Sep-22,5:00,87.1,0,87.1
11-Sep-22,5:05,80.6,0,80.6
11-Sep-22,5:10,74.5,0,74.5
11-Sep-22,5:15,68.9,0,68.9
11-Sep-22,5:20,64.1,0,64.1
11-Sep-22,5:25,59.9,0,59.9
11-Sep-22,5:30,55.8,0,55.8
11-Sep-22,5:35,51.8,0,51.8
11-Sep-22,5:40,47.5,0,47.5
11-Sep-22,5:45,42.9,0,42.9
11-Sep-22,5:50,38.1,0,38.1
11-Sep-22,5:55,33.5,0,33.5
11-Sep-22,6:00,29.1,0,29.1
11-Sep-22,6:05,25.2,0,25.2
11-Sep-22,6:10,21.8,0,21.8
11-Sep-22,6:15,18.8,0,18.8
11-Sep-22,6:20,16.2,0,16.2
11-Sep-22,6:25,14,0,14
11-Sep-22,6:30,12.1,0,12.1
11-Sep-22,6:35,10.5,0,10.5
11-Sep-22,6:40,9.1,0,9.1
11-Sep-22,6:45,7.8,0,7.8
11-Sep-22,6:50,6.8,0,6.8
11-Sep-22,6:55,5.9,0,5.9
11-Sep-22,7:00,5.1,0,5.1
11-Sep-22,7:05,4.4,0,4.4
11-Sep-22,7:10,3.9,0,3.9
11-Sep-22,7:15,3.4,0,3.4
11-Sep-22,7:20,2.9,0,2.9
11-Sep-22,7:25,2.6,0,2.6
11-Sep-22,7:30,2.3,0,2.3
11-Sep-22,7:35,2.5,0,2.5
11-Sep-22,7:40,3.5,0,3.5
11-Sep-22,7:45,5.6,0,5.6
11-Sep-22,7:50,8.4,0,8.4
11-Sep-22,7:55,10.8,0,10.8
11-Sep-22,8:00,12.3,0,12.3
11-Sep-22,8:05,12.8,0,12.8
11-Sep-22,8:10,12.6,0,12.6
11-Sep-22,8:15,12.1,0,12.1
11-Sep-22,8:20,11.6,0,11.6
11-Sep-22,8:25,11.1,0,11.1
11-Sep-22,8:30,10.8,0,10.8
11-Sep-22,8:35,10.7,0,10.7
11-Sep-22,8:40,10.7,0,10.7
11-Sep-22,8:45,10.7,0,10.7
11-Sep-22,8:50,10.7,0,10.7
11-Sep-22,8:55,10.5,0,10.5
11-Sep-22,9:00,10.2,0,10.2
11-Sep-22,9:05,9.7,0,9.7
11-Sep-22,9:10,9.2,0,9.2
11-Sep-22,9:15,8.6,0,8.6
11-Sep-22,9:20,8,0,8
11-Sep-22,9:25,7.5,0,7.5
11-Sep-22,9:30,6.9,0,6.9
11-Sep-22,9:35,6.3,0,6.3
11-Sep-22,9:40,5.8,0,5.8
11-Sep-22,9:45,5.3,0,5.3
11-Sep-22,9:50,4.9,0,4.9
11-Sep-22,9:55,4.5,0,4.5
11-Sep-22,10:00,4.1,0,4.1
11-Sep-22,10:05,3.8,0,3.8
11-Sep-22,10:10,3.4,0,3.4
11-Sep-22,10:15,3.1,0,3.1
11-Sep-22,10:20,2.9,0,2.9
11-Sep-22,10:25,2.6,0,2.6
11-Sep-22,10:30,2.4,0,2.4
11-Sep-22,10:35,2.2,0,2.2
11-Sep-22,10:40,2,0,2
11-Sep-22,10:45,1.8,0,1.8
11-Sep-22,10:50,1.7,0,1.7
11-Sep-22,10:55,1.5,0,1.5